JPGNumber,Race 0 Bubble 0,Race 0 Bubble 1,Race 0 Bubble 2,Race 0 Bubble 3,Race 0 Bubble 4,Race 0 Bubble 5,Race 0 Bubble 6
521,-1,-1,-1,-1,-1,-1,-1
523,-1,-1,-1,-1,-1,-1,-1
525,-1,-1,-1,-1,-1,-1,-1
527,-1,-1,-1,-1,-1,-1,-1
529,-1,-1,-1,-1,-1,-1,-1
531,-1,-1,-1,-1,-1,-1,-1
533,-1,-1,-1,-1,-1,-1,-1
535,-1,-1,-1,-1,-1,-1,-1
537,-1,-1,-1,-1,-1,-1,-1
539,-1,-1,-1,-1,-1,-1,-1
541,-1,-1,-1,-1,-1,-1,-1
543,-1,-1,-1,-1,-1,-1,-1
545,-1,-1,-1,-1,-1,-1,-1
547,-1,-1,-1,-1,-1,-1,-1
549,-1,-1,-1,-1,-1,-1,-1
551,-1,-1,-1,-1,-1,-1,-1
553,-1,-1,-1,-1,-1,-1,-1
555,-1,-1,-1,-1,-1,-1,-1
557,-1,-1,-1,-1,-1,-1,-1
559,-1,-1,-1,-1,-1,-1,-1
561,-1,-1,-1,-1,-1,-1,-1
563,-1,-1,-1,-1,-1,-1,-1
565,-1,-1,-1,-1,-1,-1,-1
567,-1,-1,-1,-1,-1,-1,-1
569,-1,-1,-1,-1,-1,-1,-1
571,-1,-1,-1,-1,-1,-1,-1
573,-1,-1,-1,-1,-1,-1,-1
575,-1,-1,-1,-1,-1,-1,-1
577,-1,-1,-1,-1,-1,-1,-1
579,-1,-1,-1,-1,-1,-1,-1
581,-1,-1,-1,-1,-1,-1,-1
583,-1,-1,-1,-1,-1,-1,-1
585,-1,-1,-1,-1,-1,-1,-1
587,-1,-1,-1,-1,-1,-1,-1
589,-1,-1,-1,-1,-1,-1,-1
591,-1,-1,-1,-1,-1,-1,-1
593,-1,-1,-1,-1,-1,-1,-1
595,-1,-1,-1,-1,-1,-1,-1
597,-1,-1,-1,-1,-1,-1,-1
599,-1,-1,-1,-1,-1,-1,-1
601,-1,-1,-1,-1,-1,-1,-1
603,-1,-1,-1,-1,-1,-1,-1
605,-1,-1,-1,-1,-1,-1,-1
607,-1,-1,-1,-1,-1,-1,-1
609,-1,-1,-1,-1,-1,-1,-1
611,-1,-1,-1,-1,-1,-1,-1
613,-1,-1,-1,-1,-1,-1,-1
615,-1,-1,-1,-1,-1,-1,-1
617,-1,-1,-1,-1,-1,-1,-1
619,-1,-1,-1,-1,-1,-1,-1
621,-1,-1,-1,-1,-1,-1,-1
623,-1,-1,-1,-1,-1,-1,-1
625,-1,-1,-1,-1,-1,-1,-1
627,-1,-1,-1,-1,-1,-1,-1
629,-1,-1,-1,-1,-1,-1,-1
631,-1,-1,-1,-1,-1,-1,-1
633,-1,-1,-1,-1,-1,-1,-1
635,-1,-1,-1,-1,-1,-1,-1
637,-1,-1,-1,-1,-1,-1,-1
639,-1,-1,-1,-1,-1,-1,-1
641,-1,-1,-1,-1,-1,-1,-1
643,-1,-1,-1,-1,-1,-1,-1
645,-1,-1,-1,-1,-1,-1,-1
647,-1,-1,-1,-1,-1,-1,-1
649,-1,-1,-1,-1,-1,-1,-1
651,-1,-1,-1,-1,-1,-1,-1
653,-1,-1,-1,-1,-1,-1,-1
655,-1,-1,-1,-1,-1,-1,-1
657,-1,-1,-1,-1,-1,-1,-1
659,-1,-1,-1,-1,-1,-1,-1
661,-1,-1,-1,-1,-1,-1,-1
663,-1,-1,-1,-1,-1,-1,-1
665,-1,-1,-1,-1,-1,-1,-1
667,-1,-1,-1,-1,-1,-1,-1
669,-1,-1,-1,-1,-1,-1,-1
671,-1,-1,-1,-1,-1,-1,-1
673,-1,-1,-1,-1,-1,-1,-1
675,-1,-1,-1,-1,-1,-1,-1
677,-1,-1,-1,-1,-1,-1,-1
679,-1,-1,-1,-1,-1,-1,-1
681,-1,-1,-1,-1,-1,-1,-1
683,-1,-1,-1,-1,-1,-1,-1
685,-1,-1,-1,-1,-1,-1,-1
687,-1,-1,-1,-1,-1,-1,-1
689,-1,-1,-1,-1,-1,-1,-1
691,-1,-1,-1,-1,-1,-1,-1
693,-1,-1,-1,-1,-1,-1,-1
695,-1,-1,-1,-1,-1,-1,-1
697,-1,-1,-1,-1,-1,-1,-1
699,-1,-1,-1,-1,-1,-1,-1
701,-1,-1,-1,-1,-1,-1,-1
703,-1,-1,-1,-1,-1,-1,-1
705,-1,-1,-1,-1,-1,-1,-1
707,-1,-1,-1,-1,-1,-1,-1
709,-1,-1,-1,-1,-1,-1,-1
711,-1,-1,-1,-1,-1,-1,-1
713,-1,-1,-1,-1,-1,-1,-1
715,-1,-1,-1,-1,-1,-1,-1
717,-1,-1,-1,-1,-1,-1,-1
719,-1,-1,-1,-1,-1,-1,-1
721,-1,-1,-1,-1,-1,-1,-1
723,-1,-1,-1,-1,-1,-1,-1
725,-1,-1,-1,-1,-1,-1,-1
727,-1,-1,-1,-1,-1,-1,-1
729,-1,-1,-1,-1,-1,-1,-1
731,-1,-1,-1,-1,-1,-1,-1
753,-1,-1,-1,-1,-1,-1,-1
755,-1,-1,-1,-1,-1,-1,-1
757,-1,-1,-1,-1,-1,-1,-1
759,-1,-1,-1,-1,-1,-1,-1
761,-1,-1,-1,-1,-1,-1,-1
763,-1,-1,-1,-1,-1,-1,-1
765,-1,-1,-1,-1,-1,-1,-1
767,-1,-1,-1,-1,-1,-1,-1
769,-1,-1,-1,-1,-1,-1,-1
771,-1,-1,-1,-1,-1,-1,-1
773,-1,-1,-1,-1,-1,-1,-1
775,-1,-1,-1,-1,-1,-1,-1
777,-1,-1,-1,-1,-1,-1,-1
779,-1,-1,-1,-1,-1,-1,-1
781,-1,-1,-1,-1,-1,-1,-1
783,-1,-1,-1,-1,-1,-1,-1
785,-1,-1,-1,-1,-1,-1,-1
787,-1,-1,-1,-1,-1,-1,-1
789,-1,-1,-1,-1,-1,-1,-1
791,-1,-1,-1,-1,-1,-1,-1
793,-1,-1,-1,-1,-1,-1,-1
795,-1,-1,-1,-1,-1,-1,-1
797,-1,-1,-1,-1,-1,-1,-1
799,-1,-1,-1,-1,-1,-1,-1
801,-1,-1,-1,-1,-1,-1,-1
803,-1,-1,-1,-1,-1,-1,-1
805,-1,-1,-1,-1,-1,-1,-1
807,-1,-1,-1,-1,-1,-1,-1
809,-1,-1,-1,-1,-1,-1,-1
811,-1,-1,-1,-1,-1,-1,-1
813,-1,-1,-1,-1,-1,-1,-1
815,-1,-1,-1,-1,-1,-1,-1
859,-1,-1,-1,-1,-1,-1,-1
861,-1,-1,-1,-1,-1,-1,-1
863,-1,-1,-1,-1,-1,-1,-1
865,-1,-1,-1,-1,-1,-1,-1
867,-1,-1,-1,-1,-1,-1,-1
869,-1,-1,-1,-1,-1,-1,-1
871,-1,-1,-1,-1,-1,-1,-1
873,-1,-1,-1,-1,-1,-1,-1
875,-1,-1,-1,-1,-1,-1,-1
877,-1,-1,-1,-1,-1,-1,-1
879,-1,-1,-1,-1,-1,-1,-1
881,-1,-1,-1,-1,-1,-1,-1
883,-1,-1,-1,-1,-1,-1,-1
885,-1,-1,-1,-1,-1,-1,-1
937,-1,-1,-1,-1,-1,-1,-1
939,-1,-1,-1,-1,-1,-1,-1
941,-1,-1,-1,-1,-1,-1,-1
943,-1,-1,-1,-1,-1,-1,-1
945,-1,-1,-1,-1,-1,-1,-1
947,-1,-1,-1,-1,-1,-1,-1
949,-1,-1,-1,-1,-1,-1,-1
951,-1,-1,-1,-1,-1,-1,-1
953,-1,-1,-1,-1,-1,-1,-1
4067,-1,-1,-1,-1,-1,-1,-1
4069,-1,-1,-1,-1,-1,-1,-1
4071,-1,-1,-1,-1,-1,-1,-1
4073,-1,-1,-1,-1,-1,-1,-1
4075,-1,-1,-1,-1,-1,-1,-1
4077,-1,-1,-1,-1,-1,-1,-1
4079,-1,-1,-1,-1,-1,-1,-1
4081,-1,-1,-1,-1,-1,-1,-1
4083,-1,-1,-1,-1,-1,-1,-1
4085,-1,-1,-1,-1,-1,-1,-1
4087,-1,-1,-1,-1,-1,-1,-1
4089,-1,-1,-1,-1,-1,-1,-1
4091,-1,-1,-1,-1,-1,-1,-1
4093,-1,-1,-1,-1,-1,-1,-1
4095,-1,-1,-1,-1,-1,-1,-1
4097,-1,-1,-1,-1,-1,-1,-1
4099,-1,-1,-1,-1,-1,-1,-1
4101,-1,-1,-1,-1,-1,-1,-1
4103,-1,-1,-1,-1,-1,-1,-1
4105,-1,-1,-1,-1,-1,-1,-1
4107,-1,-1,-1,-1,-1,-1,-1
4109,-1,-1,-1,-1,-1,-1,-1
4111,-1,-1,-1,-1,-1,-1,-1
4113,-1,-1,-1,-1,-1,-1,-1
4115,-1,-1,-1,-1,-1,-1,-1
4117,-1,-1,-1,-1,-1,-1,-1
4119,-1,-1,-1,-1,-1,-1,-1
4121,-1,-1,-1,-1,-1,-1,-1
4123,-1,-1,-1,-1,-1,-1,-1
4125,-1,-1,-1,-1,-1,-1,-1
4127,-1,-1,-1,-1,-1,-1,-1
4129,-1,-1,-1,-1,-1,-1,-1
4131,-1,-1,-1,-1,-1,-1,-1
4133,-1,-1,-1,-1,-1,-1,-1
4135,-1,-1,-1,-1,-1,-1,-1
4137,-1,-1,-1,-1,-1,-1,-1
4139,-1,-1,-1,-1,-1,-1,-1
4141,-1,-1,-1,-1,-1,-1,-1
4143,-1,-1,-1,-1,-1,-1,-1
4145,-1,-1,-1,-1,-1,-1,-1
4147,-1,-1,-1,-1,-1,-1,-1
4149,-1,-1,-1,-1,-1,-1,-1
4151,-1,-1,-1,-1,-1,-1,-1
4153,-1,-1,-1,-1,-1,-1,-1
4155,-1,-1,-1,-1,-1,-1,-1
4157,-1,-1,-1,-1,-1,-1,-1
4159,-1,-1,-1,-1,-1,-1,-1
4161,-1,-1,-1,-1,-1,-1,-1
4163,-1,-1,-1,-1,-1,-1,-1
4165,-1,-1,-1,-1,-1,-1,-1
4167,-1,-1,-1,-1,-1,-1,-1
4169,-1,-1,-1,-1,-1,-1,-1
4171,-1,-1,-1,-1,-1,-1,-1
4173,-1,-1,-1,-1,-1,-1,-1
4175,-1,-1,-1,-1,-1,-1,-1
4177,-1,-1,-1,-1,-1,-1,-1
4179,-1,-1,-1,-1,-1,-1,-1
4181,-1,-1,-1,-1,-1,-1,-1
4183,-1,-1,-1,-1,-1,-1,-1
4185,-1,-1,-1,-1,-1,-1,-1
4187,-1,-1,-1,-1,-1,-1,-1
4189,-1,-1,-1,-1,-1,-1,-1
4191,-1,-1,-1,-1,-1,-1,-1
4193,-1,-1,-1,-1,-1,-1,-1
4195,-1,-1,-1,-1,-1,-1,-1
4197,-1,-1,-1,-1,-1,-1,-1
4199,-1,-1,-1,-1,-1,-1,-1
4201,-1,-1,-1,-1,-1,-1,-1
4203,-1,-1,-1,-1,-1,-1,-1
4205,-1,-1,-1,-1,-1,-1,-1
4207,-1,-1,-1,-1,-1,-1,-1
4209,-1,-1,-1,-1,-1,-1,-1
4211,-1,-1,-1,-1,-1,-1,-1
4213,-1,-1,-1,-1,-1,-1,-1
4215,-1,-1,-1,-1,-1,-1,-1
4217,-1,-1,-1,-1,-1,-1,-1
4219,-1,-1,-1,-1,-1,-1,-1
4221,-1,-1,-1,-1,-1,-1,-1
4223,-1,-1,-1,-1,-1,-1,-1
4225,-1,-1,-1,-1,-1,-1,-1
4227,-1,-1,-1,-1,-1,-1,-1
4229,-1,-1,-1,-1,-1,-1,-1
4231,-1,-1,-1,-1,-1,-1,-1
4233,-1,-1,-1,-1,-1,-1,-1
4235,-1,-1,-1,-1,-1,-1,-1
4237,-1,-1,-1,-1,-1,-1,-1
4239,-1,-1,-1,-1,-1,-1,-1
4241,-1,-1,-1,-1,-1,-1,-1
4243,-1,-1,-1,-1,-1,-1,-1
4245,-1,-1,-1,-1,-1,-1,-1
4247,-1,-1,-1,-1,-1,-1,-1
4249,-1,-1,-1,-1,-1,-1,-1
4251,-1,-1,-1,-1,-1,-1,-1
4253,-1,-1,-1,-1,-1,-1,-1
4255,-1,-1,-1,-1,-1,-1,-1
4257,-1,-1,-1,-1,-1,-1,-1
4259,-1,-1,-1,-1,-1,-1,-1
4261,-1,-1,-1,-1,-1,-1,-1
4263,-1,-1,-1,-1,-1,-1,-1
4265,-1,-1,-1,-1,-1,-1,-1
4267,-1,-1,-1,-1,-1,-1,-1
4269,-1,-1,-1,-1,-1,-1,-1
4271,-1,-1,-1,-1,-1,-1,-1
4273,-1,-1,-1,-1,-1,-1,-1
4275,-1,-1,-1,-1,-1,-1,-1
4277,-1,-1,-1,-1,-1,-1,-1
5365,-1,-1,-1,-1,-1,-1,-1
5367,-1,-1,-1,-1,-1,-1,-1
6925,-1,-1,-1,-1,-1,-1,-1
6927,-1,-1,-1,-1,-1,-1,-1
6929,-1,-1,-1,-1,-1,-1,-1
6931,-1,-1,-1,-1,-1,-1,-1
6933,-1,-1,-1,-1,-1,-1,-1
6935,-1,-1,-1,-1,-1,-1,-1
6937,-1,-1,-1,-1,-1,-1,-1
6939,-1,-1,-1,-1,-1,-1,-1
6941,-1,-1,-1,-1,-1,-1,-1
6943,-1,-1,-1,-1,-1,-1,-1
6945,-1,-1,-1,-1,-1,-1,-1
6947,-1,-1,-1,-1,-1,-1,-1
6949,-1,-1,-1,-1,-1,-1,-1
6951,-1,-1,-1,-1,-1,-1,-1
6953,-1,-1,-1,-1,-1,-1,-1
6955,-1,-1,-1,-1,-1,-1,-1
6957,-1,-1,-1,-1,-1,-1,-1
6959,-1,-1,-1,-1,-1,-1,-1
6961,-1,-1,-1,-1,-1,-1,-1
6963,-1,-1,-1,-1,-1,-1,-1
6965,-1,-1,-1,-1,-1,-1,-1
6967,-1,-1,-1,-1,-1,-1,-1
6969,-1,-1,-1,-1,-1,-1,-1
6971,-1,-1,-1,-1,-1,-1,-1
6973,-1,-1,-1,-1,-1,-1,-1
6975,-1,-1,-1,-1,-1,-1,-1
6977,-1,-1,-1,-1,-1,-1,-1
6979,-1,-1,-1,-1,-1,-1,-1
6981,-1,-1,-1,-1,-1,-1,-1
6983,-1,-1,-1,-1,-1,-1,-1
6985,-1,-1,-1,-1,-1,-1,-1
6987,-1,-1,-1,-1,-1,-1,-1
6989,-1,-1,-1,-1,-1,-1,-1
6991,-1,-1,-1,-1,-1,-1,-1
6993,-1,-1,-1,-1,-1,-1,-1
6995,-1,-1,-1,-1,-1,-1,-1
6997,-1,-1,-1,-1,-1,-1,-1
6999,-1,-1,-1,-1,-1,-1,-1
7001,-1,-1,-1,-1,-1,-1,-1
7003,-1,-1,-1,-1,-1,-1,-1
7005,-1,-1,-1,-1,-1,-1,-1
7007,-1,-1,-1,-1,-1,-1,-1
7009,-1,-1,-1,-1,-1,-1,-1
7011,-1,-1,-1,-1,-1,-1,-1
7013,-1,-1,-1,-1,-1,-1,-1
7015,-1,-1,-1,-1,-1,-1,-1
7017,-1,-1,-1,-1,-1,-1,-1
7019,-1,-1,-1,-1,-1,-1,-1
7021,-1,-1,-1,-1,-1,-1,-1
7023,-1,-1,-1,-1,-1,-1,-1
7025,-1,-1,-1,-1,-1,-1,-1
7027,-1,-1,-1,-1,-1,-1,-1
7029,-1,-1,-1,-1,-1,-1,-1
7031,-1,-1,-1,-1,-1,-1,-1
7033,-1,-1,-1,-1,-1,-1,-1
7035,-1,-1,-1,-1,-1,-1,-1
7037,-1,-1,-1,-1,-1,-1,-1
7039,-1,-1,-1,-1,-1,-1,-1
7041,-1,-1,-1,-1,-1,-1,-1
7043,-1,-1,-1,-1,-1,-1,-1
7045,-1,-1,-1,-1,-1,-1,-1
7047,-1,-1,-1,-1,-1,-1,-1
7049,-1,-1,-1,-1,-1,-1,-1
7051,-1,-1,-1,-1,-1,-1,-1
7053,-1,-1,-1,-1,-1,-1,-1
7055,-1,-1,-1,-1,-1,-1,-1
7057,-1,-1,-1,-1,-1,-1,-1
7059,-1,-1,-1,-1,-1,-1,-1
7061,-1,-1,-1,-1,-1,-1,-1
7063,-1,-1,-1,-1,-1,-1,-1
7065,-1,-1,-1,-1,-1,-1,-1
7067,-1,-1,-1,-1,-1,-1,-1
7069,-1,-1,-1,-1,-1,-1,-1
8703,-1,-1,-1,-1,-1,-1,-1
8705,-1,-1,-1,-1,-1,-1,-1
8707,-1,-1,-1,-1,-1,-1,-1
8709,-1,-1,-1,-1,-1,-1,-1
8711,-1,-1,-1,-1,-1,-1,-1
8713,-1,-1,-1,-1,-1,-1,-1
8715,-1,-1,-1,-1,-1,-1,-1
8717,-1,-1,-1,-1,-1,-1,-1
8719,-1,-1,-1,-1,-1,-1,-1
8721,-1,-1,-1,-1,-1,-1,-1
8723,-1,-1,-1,-1,-1,-1,-1
8725,-1,-1,-1,-1,-1,-1,-1
8727,-1,-1,-1,-1,-1,-1,-1
8729,-1,-1,-1,-1,-1,-1,-1
8731,-1,-1,-1,-1,-1,-1,-1
8733,-1,-1,-1,-1,-1,-1,-1
8735,-1,-1,-1,-1,-1,-1,-1
8737,-1,-1,-1,-1,-1,-1,-1
8739,-1,-1,-1,-1,-1,-1,-1
8741,-1,-1,-1,-1,-1,-1,-1
8743,-1,-1,-1,-1,-1,-1,-1
8745,-1,-1,-1,-1,-1,-1,-1
8747,-1,-1,-1,-1,-1,-1,-1
8749,-1,-1,-1,-1,-1,-1,-1
8751,-1,-1,-1,-1,-1,-1,-1
8753,-1,-1,-1,-1,-1,-1,-1
8755,-1,-1,-1,-1,-1,-1,-1
8757,-1,-1,-1,-1,-1,-1,-1
8759,-1,-1,-1,-1,-1,-1,-1
8761,-1,-1,-1,-1,-1,-1,-1
8763,-1,-1,-1,-1,-1,-1,-1
8765,-1,-1,-1,-1,-1,-1,-1
8767,-1,-1,-1,-1,-1,-1,-1
8769,-1,-1,-1,-1,-1,-1,-1
8771,-1,-1,-1,-1,-1,-1,-1
8773,-1,-1,-1,-1,-1,-1,-1
8775,-1,-1,-1,-1,-1,-1,-1
8777,-1,-1,-1,-1,-1,-1,-1
8779,-1,-1,-1,-1,-1,-1,-1
8781,-1,-1,-1,-1,-1,-1,-1
8783,-1,-1,-1,-1,-1,-1,-1
8785,-1,-1,-1,-1,-1,-1,-1
8787,-1,-1,-1,-1,-1,-1,-1
8789,-1,-1,-1,-1,-1,-1,-1
8791,-1,-1,-1,-1,-1,-1,-1
8793,-1,-1,-1,-1,-1,-1,-1
8795,-1,-1,-1,-1,-1,-1,-1
8797,-1,-1,-1,-1,-1,-1,-1
8799,-1,-1,-1,-1,-1,-1,-1
8801,-1,-1,-1,-1,-1,-1,-1
8803,-1,-1,-1,-1,-1,-1,-1
8805,-1,-1,-1,-1,-1,-1,-1
8807,-1,-1,-1,-1,-1,-1,-1
8809,-1,-1,-1,-1,-1,-1,-1
8811,-1,-1,-1,-1,-1,-1,-1
8813,-1,-1,-1,-1,-1,-1,-1
8815,-1,-1,-1,-1,-1,-1,-1
8817,-1,-1,-1,-1,-1,-1,-1
8819,-1,-1,-1,-1,-1,-1,-1
8821,-1,-1,-1,-1,-1,-1,-1
8823,-1,-1,-1,-1,-1,-1,-1
8825,-1,-1,-1,-1,-1,-1,-1
8827,-1,-1,-1,-1,-1,-1,-1
8829,-1,-1,-1,-1,-1,-1,-1
8831,-1,-1,-1,-1,-1,-1,-1
8833,-1,-1,-1,-1,-1,-1,-1
8835,-1,-1,-1,-1,-1,-1,-1
8837,-1,-1,-1,-1,-1,-1,-1
8839,-1,-1,-1,-1,-1,-1,-1
8841,-1,-1,-1,-1,-1,-1,-1
8843,-1,-1,-1,-1,-1,-1,-1
8845,-1,-1,-1,-1,-1,-1,-1
8847,-1,-1,-1,-1,-1,-1,-1
8849,-1,-1,-1,-1,-1,-1,-1
8851,-1,-1,-1,-1,-1,-1,-1
8853,-1,-1,-1,-1,-1,-1,-1
8855,-1,-1,-1,-1,-1,-1,-1
8857,-1,-1,-1,-1,-1,-1,-1
8859,-1,-1,-1,-1,-1,-1,-1
8861,-1,-1,-1,-1,-1,-1,-1
8863,-1,-1,-1,-1,-1,-1,-1
8865,-1,-1,-1,-1,-1,-1,-1
8867,-1,-1,-1,-1,-1,-1,-1
8869,-1,-1,-1,-1,-1,-1,-1
8871,-1,-1,-1,-1,-1,-1,-1
8873,-1,-1,-1,-1,-1,-1,-1
8875,-1,-1,-1,-1,-1,-1,-1
8877,-1,-1,-1,-1,-1,-1,-1
8879,-1,-1,-1,-1,-1,-1,-1
8881,-1,-1,-1,-1,-1,-1,-1
8883,-1,-1,-1,-1,-1,-1,-1
8885,-1,-1,-1,-1,-1,-1,-1
8887,-1,-1,-1,-1,-1,-1,-1
8889,-1,-1,-1,-1,-1,-1,-1
8891,-1,-1,-1,-1,-1,-1,-1
8893,-1,-1,-1,-1,-1,-1,-1
8895,-1,-1,-1,-1,-1,-1,-1
8897,-1,-1,-1,-1,-1,-1,-1
8899,-1,-1,-1,-1,-1,-1,-1
8901,-1,-1,-1,-1,-1,-1,-1
8903,-1,-1,-1,-1,-1,-1,-1
8905,-1,-1,-1,-1,-1,-1,-1
8907,-1,-1,-1,-1,-1,-1,-1
8909,-1,-1,-1,-1,-1,-1,-1
8911,-1,-1,-1,-1,-1,-1,-1
8913,-1,-1,-1,-1,-1,-1,-1
8915,-1,-1,-1,-1,-1,-1,-1
8917,-1,-1,-1,-1,-1,-1,-1
8919,-1,-1,-1,-1,-1,-1,-1
8921,-1,-1,-1,-1,-1,-1,-1
8923,-1,-1,-1,-1,-1,-1,-1
8925,-1,-1,-1,-1,-1,-1,-1
8927,-1,-1,-1,-1,-1,-1,-1
8929,-1,-1,-1,-1,-1,-1,-1
8931,-1,-1,-1,-1,-1,-1,-1
8933,-1,-1,-1,-1,-1,-1,-1
8935,-1,-1,-1,-1,-1,-1,-1
8937,-1,-1,-1,-1,-1,-1,-1
8939,-1,-1,-1,-1,-1,-1,-1
8941,-1,-1,-1,-1,-1,-1,-1
8943,-1,-1,-1,-1,-1,-1,-1
8945,-1,-1,-1,-1,-1,-1,-1
8947,-1,-1,-1,-1,-1,-1,-1
8949,-1,-1,-1,-1,-1,-1,-1
8951,-1,-1,-1,-1,-1,-1,-1
8953,-1,-1,-1,-1,-1,-1,-1
8955,-1,-1,-1,-1,-1,-1,-1
8957,-1,-1,-1,-1,-1,-1,-1
8959,-1,-1,-1,-1,-1,-1,-1
8961,-1,-1,-1,-1,-1,-1,-1
8963,-1,-1,-1,-1,-1,-1,-1
8965,-1,-1,-1,-1,-1,-1,-1
8967,-1,-1,-1,-1,-1,-1,-1
8969,-1,-1,-1,-1,-1,-1,-1
8971,-1,-1,-1,-1,-1,-1,-1
8973,-1,-1,-1,-1,-1,-1,-1
8975,-1,-1,-1,-1,-1,-1,-1
8977,-1,-1,-1,-1,-1,-1,-1
8979,-1,-1,-1,-1,-1,-1,-1
8981,-1,-1,-1,-1,-1,-1,-1
8983,-1,-1,-1,-1,-1,-1,-1
8985,-1,-1,-1,-1,-1,-1,-1
8987,-1,-1,-1,-1,-1,-1,-1
8989,-1,-1,-1,-1,-1,-1,-1
8991,-1,-1,-1,-1,-1,-1,-1
8993,-1,-1,-1,-1,-1,-1,-1
8995,-1,-1,-1,-1,-1,-1,-1
8997,-1,-1,-1,-1,-1,-1,-1
8999,-1,-1,-1,-1,-1,-1,-1
9001,-1,-1,-1,-1,-1,-1,-1
9003,-1,-1,-1,-1,-1,-1,-1
9005,-1,-1,-1,-1,-1,-1,-1
9007,-1,-1,-1,-1,-1,-1,-1
9009,-1,-1,-1,-1,-1,-1,-1
9011,-1,-1,-1,-1,-1,-1,-1
9013,-1,-1,-1,-1,-1,-1,-1
9015,-1,-1,-1,-1,-1,-1,-1
9017,-1,-1,-1,-1,-1,-1,-1
9019,-1,-1,-1,-1,-1,-1,-1
9021,-1,-1,-1,-1,-1,-1,-1
9023,-1,-1,-1,-1,-1,-1,-1
9025,-1,-1,-1,-1,-1,-1,-1
9027,-1,-1,-1,-1,-1,-1,-1
9029,-1,-1,-1,-1,-1,-1,-1
9031,-1,-1,-1,-1,-1,-1,-1
9033,-1,-1,-1,-1,-1,-1,-1
9035,-1,-1,-1,-1,-1,-1,-1
9037,-1,-1,-1,-1,-1,-1,-1
9039,-1,-1,-1,-1,-1,-1,-1
9041,-1,-1,-1,-1,-1,-1,-1
9043,-1,-1,-1,-1,-1,-1,-1
9045,-1,-1,-1,-1,-1,-1,-1
9047,-1,-1,-1,-1,-1,-1,-1
9049,-1,-1,-1,-1,-1,-1,-1
9051,-1,-1,-1,-1,-1,-1,-1
9053,-1,-1,-1,-1,-1,-1,-1
9055,-1,-1,-1,-1,-1,-1,-1
9057,-1,-1,-1,-1,-1,-1,-1
9059,-1,-1,-1,-1,-1,-1,-1
9061,-1,-1,-1,-1,-1,-1,-1
9063,-1,-1,-1,-1,-1,-1,-1
9065,-1,-1,-1,-1,-1,-1,-1
9067,-1,-1,-1,-1,-1,-1,-1
9069,-1,-1,-1,-1,-1,-1,-1
9071,-1,-1,-1,-1,-1,-1,-1
9073,-1,-1,-1,-1,-1,-1,-1
9075,-1,-1,-1,-1,-1,-1,-1
9077,-1,-1,-1,-1,-1,-1,-1
9079,-1,-1,-1,-1,-1,-1,-1
9081,-1,-1,-1,-1,-1,-1,-1
9083,-1,-1,-1,-1,-1,-1,-1
9085,-1,-1,-1,-1,-1,-1,-1
9087,-1,-1,-1,-1,-1,-1,-1
9089,-1,-1,-1,-1,-1,-1,-1
9091,-1,-1,-1,-1,-1,-1,-1
9093,-1,-1,-1,-1,-1,-1,-1
9095,-1,-1,-1,-1,-1,-1,-1
9097,-1,-1,-1,-1,-1,-1,-1
9099,-1,-1,-1,-1,-1,-1,-1
9101,-1,-1,-1,-1,-1,-1,-1
9103,-1,-1,-1,-1,-1,-1,-1
9105,-1,-1,-1,-1,-1,-1,-1
9107,-1,-1,-1,-1,-1,-1,-1
9109,-1,-1,-1,-1,-1,-1,-1
9111,-1,-1,-1,-1,-1,-1,-1
9113,-1,-1,-1,-1,-1,-1,-1
9115,-1,-1,-1,-1,-1,-1,-1
9117,-1,-1,-1,-1,-1,-1,-1
9119,-1,-1,-1,-1,-1,-1,-1
9121,-1,-1,-1,-1,-1,-1,-1
9123,-1,-1,-1,-1,-1,-1,-1
9125,-1,-1,-1,-1,-1,-1,-1
9127,-1,-1,-1,-1,-1,-1,-1
9129,-1,-1,-1,-1,-1,-1,-1
9131,-1,-1,-1,-1,-1,-1,-1
9133,-1,-1,-1,-1,-1,-1,-1
9135,-1,-1,-1,-1,-1,-1,-1
9137,-1,-1,-1,-1,-1,-1,-1
9139,-1,-1,-1,-1,-1,-1,-1
9141,-1,-1,-1,-1,-1,-1,-1
9143,-1,-1,-1,-1,-1,-1,-1
9145,-1,-1,-1,-1,-1,-1,-1
9147,-1,-1,-1,-1,-1,-1,-1
9149,-1,-1,-1,-1,-1,-1,-1
9151,-1,-1,-1,-1,-1,-1,-1
9153,-1,-1,-1,-1,-1,-1,-1
9155,-1,-1,-1,-1,-1,-1,-1
9157,-1,-1,-1,-1,-1,-1,-1
9159,-1,-1,-1,-1,-1,-1,-1
9161,-1,-1,-1,-1,-1,-1,-1
9163,-1,-1,-1,-1,-1,-1,-1
9165,-1,-1,-1,-1,-1,-1,-1
9167,-1,-1,-1,-1,-1,-1,-1
9169,-1,-1,-1,-1,-1,-1,-1
9171,-1,-1,-1,-1,-1,-1,-1
9173,-1,-1,-1,-1,-1,-1,-1
9175,-1,-1,-1,-1,-1,-1,-1
9177,-1,-1,-1,-1,-1,-1,-1
9179,-1,-1,-1,-1,-1,-1,-1
9181,-1,-1,-1,-1,-1,-1,-1
9183,-1,-1,-1,-1,-1,-1,-1
9185,-1,-1,-1,-1,-1,-1,-1
9187,-1,-1,-1,-1,-1,-1,-1
9189,-1,-1,-1,-1,-1,-1,-1
9191,-1,-1,-1,-1,-1,-1,-1
9193,-1,-1,-1,-1,-1,-1,-1
9195,-1,-1,-1,-1,-1,-1,-1
9197,-1,-1,-1,-1,-1,-1,-1
9199,-1,-1,-1,-1,-1,-1,-1
9201,-1,-1,-1,-1,-1,-1,-1
9203,-1,-1,-1,-1,-1,-1,-1
9205,-1,-1,-1,-1,-1,-1,-1
9207,-1,-1,-1,-1,-1,-1,-1
9209,-1,-1,-1,-1,-1,-1,-1
9211,-1,-1,-1,-1,-1,-1,-1
9213,-1,-1,-1,-1,-1,-1,-1
9215,-1,-1,-1,-1,-1,-1,-1
9217,-1,-1,-1,-1,-1,-1,-1
9219,-1,-1,-1,-1,-1,-1,-1
9221,-1,-1,-1,-1,-1,-1,-1
9223,-1,-1,-1,-1,-1,-1,-1
9225,-1,-1,-1,-1,-1,-1,-1
9227,-1,-1,-1,-1,-1,-1,-1
9229,-1,-1,-1,-1,-1,-1,-1
9231,-1,-1,-1,-1,-1,-1,-1
9233,-1,-1,-1,-1,-1,-1,-1
9235,-1,-1,-1,-1,-1,-1,-1
9237,-1,-1,-1,-1,-1,-1,-1
9239,-1,-1,-1,-1,-1,-1,-1
9241,-1,-1,-1,-1,-1,-1,-1
9243,-1,-1,-1,-1,-1,-1,-1
9245,-1,-1,-1,-1,-1,-1,-1
9247,-1,-1,-1,-1,-1,-1,-1
9249,-1,-1,-1,-1,-1,-1,-1
9251,-1,-1,-1,-1,-1,-1,-1
9253,-1,-1,-1,-1,-1,-1,-1
9255,-1,-1,-1,-1,-1,-1,-1
9257,-1,-1,-1,-1,-1,-1,-1
9259,-1,-1,-1,-1,-1,-1,-1
9261,-1,-1,-1,-1,-1,-1,-1
9263,-1,-1,-1,-1,-1,-1,-1
9265,-1,-1,-1,-1,-1,-1,-1
9267,-1,-1,-1,-1,-1,-1,-1
9269,-1,-1,-1,-1,-1,-1,-1
9271,-1,-1,-1,-1,-1,-1,-1
9273,-1,-1,-1,-1,-1,-1,-1
9275,-1,-1,-1,-1,-1,-1,-1
9277,-1,-1,-1,-1,-1,-1,-1
9279,-1,-1,-1,-1,-1,-1,-1
9281,-1,-1,-1,-1,-1,-1,-1
9283,-1,-1,-1,-1,-1,-1,-1
9285,-1,-1,-1,-1,-1,-1,-1
9287,-1,-1,-1,-1,-1,-1,-1
9289,-1,-1,-1,-1,-1,-1,-1
9291,-1,-1,-1,-1,-1,-1,-1
9293,-1,-1,-1,-1,-1,-1,-1
9295,-1,-1,-1,-1,-1,-1,-1
9297,-1,-1,-1,-1,-1,-1,-1
9299,-1,-1,-1,-1,-1,-1,-1
9301,-1,-1,-1,-1,-1,-1,-1
9303,-1,-1,-1,-1,-1,-1,-1
9305,-1,-1,-1,-1,-1,-1,-1
9307,-1,-1,-1,-1,-1,-1,-1
9309,-1,-1,-1,-1,-1,-1,-1
9311,-1,-1,-1,-1,-1,-1,-1
9313,-1,-1,-1,-1,-1,-1,-1
9315,-1,-1,-1,-1,-1,-1,-1
9317,-1,-1,-1,-1,-1,-1,-1
9319,-1,-1,-1,-1,-1,-1,-1
9321,-1,-1,-1,-1,-1,-1,-1
9323,-1,-1,-1,-1,-1,-1,-1
9325,-1,-1,-1,-1,-1,-1,-1
9327,-1,-1,-1,-1,-1,-1,-1
9329,-1,-1,-1,-1,-1,-1,-1
9331,-1,-1,-1,-1,-1,-1,-1
9333,-1,-1,-1,-1,-1,-1,-1
9335,-1,-1,-1,-1,-1,-1,-1
9337,-1,-1,-1,-1,-1,-1,-1
9339,-1,-1,-1,-1,-1,-1,-1
9341,-1,-1,-1,-1,-1,-1,-1
9343,-1,-1,-1,-1,-1,-1,-1
9345,-1,-1,-1,-1,-1,-1,-1
9347,-1,-1,-1,-1,-1,-1,-1
9349,-1,-1,-1,-1,-1,-1,-1
9351,-1,-1,-1,-1,-1,-1,-1
9353,-1,-1,-1,-1,-1,-1,-1
9355,-1,-1,-1,-1,-1,-1,-1
9357,-1,-1,-1,-1,-1,-1,-1
9359,-1,-1,-1,-1,-1,-1,-1
9361,-1,-1,-1,-1,-1,-1,-1
9363,-1,-1,-1,-1,-1,-1,-1
9365,-1,-1,-1,-1,-1,-1,-1
9367,-1,-1,-1,-1,-1,-1,-1
9369,-1,-1,-1,-1,-1,-1,-1
9371,-1,-1,-1,-1,-1,-1,-1
9373,-1,-1,-1,-1,-1,-1,-1
9375,-1,-1,-1,-1,-1,-1,-1
9377,-1,-1,-1,-1,-1,-1,-1
9379,-1,-1,-1,-1,-1,-1,-1
9381,-1,-1,-1,-1,-1,-1,-1
9383,-1,-1,-1,-1,-1,-1,-1
9385,-1,-1,-1,-1,-1,-1,-1
9387,-1,-1,-1,-1,-1,-1,-1
9389,-1,-1,-1,-1,-1,-1,-1
9391,-1,-1,-1,-1,-1,-1,-1
9393,-1,-1,-1,-1,-1,-1,-1
9395,-1,-1,-1,-1,-1,-1,-1
9397,-1,-1,-1,-1,-1,-1,-1
9399,-1,-1,-1,-1,-1,-1,-1
9401,-1,-1,-1,-1,-1,-1,-1
9403,-1,-1,-1,-1,-1,-1,-1
9405,-1,-1,-1,-1,-1,-1,-1
9407,-1,-1,-1,-1,-1,-1,-1
9409,-1,-1,-1,-1,-1,-1,-1
9411,-1,-1,-1,-1,-1,-1,-1
9413,-1,-1,-1,-1,-1,-1,-1
9415,-1,-1,-1,-1,-1,-1,-1
9417,-1,-1,-1,-1,-1,-1,-1
9419,-1,-1,-1,-1,-1,-1,-1
9421,-1,-1,-1,-1,-1,-1,-1
9423,-1,-1,-1,-1,-1,-1,-1
9425,-1,-1,-1,-1,-1,-1,-1
9427,-1,-1,-1,-1,-1,-1,-1
9429,-1,-1,-1,-1,-1,-1,-1
9431,-1,-1,-1,-1,-1,-1,-1
9433,-1,-1,-1,-1,-1,-1,-1
9435,-1,-1,-1,-1,-1,-1,-1
9437,-1,-1,-1,-1,-1,-1,-1
9439,-1,-1,-1,-1,-1,-1,-1
9441,-1,-1,-1,-1,-1,-1,-1
9443,-1,-1,-1,-1,-1,-1,-1
9445,-1,-1,-1,-1,-1,-1,-1
9447,-1,-1,-1,-1,-1,-1,-1
9449,-1,-1,-1,-1,-1,-1,-1
9451,-1,-1,-1,-1,-1,-1,-1
9453,-1,-1,-1,-1,-1,-1,-1
9455,-1,-1,-1,-1,-1,-1,-1
9457,-1,-1,-1,-1,-1,-1,-1
9459,-1,-1,-1,-1,-1,-1,-1
9461,-1,-1,-1,-1,-1,-1,-1
9463,-1,-1,-1,-1,-1,-1,-1
9465,-1,-1,-1,-1,-1,-1,-1
9467,-1,-1,-1,-1,-1,-1,-1
9469,-1,-1,-1,-1,-1,-1,-1
9471,-1,-1,-1,-1,-1,-1,-1
9473,-1,-1,-1,-1,-1,-1,-1
9475,-1,-1,-1,-1,-1,-1,-1
9477,-1,-1,-1,-1,-1,-1,-1
9479,-1,-1,-1,-1,-1,-1,-1
9481,-1,-1,-1,-1,-1,-1,-1
9483,-1,-1,-1,-1,-1,-1,-1
9485,-1,-1,-1,-1,-1,-1,-1
9487,-1,-1,-1,-1,-1,-1,-1
9489,-1,-1,-1,-1,-1,-1,-1
9491,-1,-1,-1,-1,-1,-1,-1
9493,-1,-1,-1,-1,-1,-1,-1
9495,-1,-1,-1,-1,-1,-1,-1
9497,-1,-1,-1,-1,-1,-1,-1
9499,-1,-1,-1,-1,-1,-1,-1
9501,-1,-1,-1,-1,-1,-1,-1
9503,-1,-1,-1,-1,-1,-1,-1
9505,-1,-1,-1,-1,-1,-1,-1
9507,-1,-1,-1,-1,-1,-1,-1
9509,-1,-1,-1,-1,-1,-1,-1
9511,-1,-1,-1,-1,-1,-1,-1
9513,-1,-1,-1,-1,-1,-1,-1
9515,-1,-1,-1,-1,-1,-1,-1
9517,-1,-1,-1,-1,-1,-1,-1
9519,-1,-1,-1,-1,-1,-1,-1
9521,-1,-1,-1,-1,-1,-1,-1
9523,-1,-1,-1,-1,-1,-1,-1
9525,-1,-1,-1,-1,-1,-1,-1
9527,-1,-1,-1,-1,-1,-1,-1
9529,-1,-1,-1,-1,-1,-1,-1
9531,-1,-1,-1,-1,-1,-1,-1
9533,-1,-1,-1,-1,-1,-1,-1
9535,-1,-1,-1,-1,-1,-1,-1
9537,-1,-1,-1,-1,-1,-1,-1
9539,-1,-1,-1,-1,-1,-1,-1
9541,-1,-1,-1,-1,-1,-1,-1
9543,-1,-1,-1,-1,-1,-1,-1
9545,-1,-1,-1,-1,-1,-1,-1
9547,-1,-1,-1,-1,-1,-1,-1
9549,-1,-1,-1,-1,-1,-1,-1
9551,-1,-1,-1,-1,-1,-1,-1
9553,-1,-1,-1,-1,-1,-1,-1
9555,-1,-1,-1,-1,-1,-1,-1
9557,-1,-1,-1,-1,-1,-1,-1
9559,-1,-1,-1,-1,-1,-1,-1
9561,-1,-1,-1,-1,-1,-1,-1
9563,-1,-1,-1,-1,-1,-1,-1
9565,-1,-1,-1,-1,-1,-1,-1
9567,-1,-1,-1,-1,-1,-1,-1
9569,-1,-1,-1,-1,-1,-1,-1
9571,-1,-1,-1,-1,-1,-1,-1
9573,-1,-1,-1,-1,-1,-1,-1
9575,-1,-1,-1,-1,-1,-1,-1
9577,-1,-1,-1,-1,-1,-1,-1
9579,-1,-1,-1,-1,-1,-1,-1
9581,-1,-1,-1,-1,-1,-1,-1
9583,-1,-1,-1,-1,-1,-1,-1
9585,-1,-1,-1,-1,-1,-1,-1
9587,-1,-1,-1,-1,-1,-1,-1
9589,-1,-1,-1,-1,-1,-1,-1
9591,-1,-1,-1,-1,-1,-1,-1
9593,-1,-1,-1,-1,-1,-1,-1
9595,-1,-1,-1,-1,-1,-1,-1
9597,-1,-1,-1,-1,-1,-1,-1
9599,-1,-1,-1,-1,-1,-1,-1
9601,-1,-1,-1,-1,-1,-1,-1
9603,-1,-1,-1,-1,-1,-1,-1
9605,-1,-1,-1,-1,-1,-1,-1
9607,-1,-1,-1,-1,-1,-1,-1
9609,-1,-1,-1,-1,-1,-1,-1
9611,-1,-1,-1,-1,-1,-1,-1
9613,-1,-1,-1,-1,-1,-1,-1
9615,-1,-1,-1,-1,-1,-1,-1
9617,-1,-1,-1,-1,-1,-1,-1
9619,-1,-1,-1,-1,-1,-1,-1
9621,-1,-1,-1,-1,-1,-1,-1
9623,-1,-1,-1,-1,-1,-1,-1
9625,-1,-1,-1,-1,-1,-1,-1
9627,-1,-1,-1,-1,-1,-1,-1
9629,-1,-1,-1,-1,-1,-1,-1
9631,-1,-1,-1,-1,-1,-1,-1
9633,-1,-1,-1,-1,-1,-1,-1
9635,-1,-1,-1,-1,-1,-1,-1
9637,-1,-1,-1,-1,-1,-1,-1
9639,-1,-1,-1,-1,-1,-1,-1
9641,-1,-1,-1,-1,-1,-1,-1
9643,-1,-1,-1,-1,-1,-1,-1
9645,-1,-1,-1,-1,-1,-1,-1
9647,-1,-1,-1,-1,-1,-1,-1
9649,-1,-1,-1,-1,-1,-1,-1
9651,-1,-1,-1,-1,-1,-1,-1
9653,-1,-1,-1,-1,-1,-1,-1
9655,-1,-1,-1,-1,-1,-1,-1
9657,-1,-1,-1,-1,-1,-1,-1
9659,-1,-1,-1,-1,-1,-1,-1
9661,-1,-1,-1,-1,-1,-1,-1
9663,-1,-1,-1,-1,-1,-1,-1
9665,-1,-1,-1,-1,-1,-1,-1
9667,-1,-1,-1,-1,-1,-1,-1
9669,-1,-1,-1,-1,-1,-1,-1
9671,-1,-1,-1,-1,-1,-1,-1
9673,-1,-1,-1,-1,-1,-1,-1
9675,-1,-1,-1,-1,-1,-1,-1
9677,-1,-1,-1,-1,-1,-1,-1
9679,-1,-1,-1,-1,-1,-1,-1
9681,-1,-1,-1,-1,-1,-1,-1
9683,-1,-1,-1,-1,-1,-1,-1
9685,-1,-1,-1,-1,-1,-1,-1
9687,-1,-1,-1,-1,-1,-1,-1
9689,-1,-1,-1,-1,-1,-1,-1
9691,-1,-1,-1,-1,-1,-1,-1
9693,-1,-1,-1,-1,-1,-1,-1
9695,-1,-1,-1,-1,-1,-1,-1
9697,-1,-1,-1,-1,-1,-1,-1
9699,-1,-1,-1,-1,-1,-1,-1
9701,-1,-1,-1,-1,-1,-1,-1
9703,-1,-1,-1,-1,-1,-1,-1
9705,-1,-1,-1,-1,-1,-1,-1
9707,-1,-1,-1,-1,-1,-1,-1
9709,-1,-1,-1,-1,-1,-1,-1
9711,-1,-1,-1,-1,-1,-1,-1
9713,-1,-1,-1,-1,-1,-1,-1
9715,-1,-1,-1,-1,-1,-1,-1
9717,-1,-1,-1,-1,-1,-1,-1
9719,-1,-1,-1,-1,-1,-1,-1
9721,-1,-1,-1,-1,-1,-1,-1
9723,-1,-1,-1,-1,-1,-1,-1
9725,-1,-1,-1,-1,-1,-1,-1
9727,-1,-1,-1,-1,-1,-1,-1
9729,-1,-1,-1,-1,-1,-1,-1
9731,-1,-1,-1,-1,-1,-1,-1
9733,-1,-1,-1,-1,-1,-1,-1
9735,-1,-1,-1,-1,-1,-1,-1
9737,-1,-1,-1,-1,-1,-1,-1
9739,-1,-1,-1,-1,-1,-1,-1
9741,-1,-1,-1,-1,-1,-1,-1
9743,-1,-1,-1,-1,-1,-1,-1
9745,-1,-1,-1,-1,-1,-1,-1
9747,-1,-1,-1,-1,-1,-1,-1
9749,-1,-1,-1,-1,-1,-1,-1
9751,-1,-1,-1,-1,-1,-1,-1
9753,-1,-1,-1,-1,-1,-1,-1
9755,-1,-1,-1,-1,-1,-1,-1
9757,-1,-1,-1,-1,-1,-1,-1
9759,-1,-1,-1,-1,-1,-1,-1
9761,-1,-1,-1,-1,-1,-1,-1
9763,-1,-1,-1,-1,-1,-1,-1
9765,-1,-1,-1,-1,-1,-1,-1
9767,-1,-1,-1,-1,-1,-1,-1
9769,-1,-1,-1,-1,-1,-1,-1
9771,-1,-1,-1,-1,-1,-1,-1
9773,-1,-1,-1,-1,-1,-1,-1
9775,-1,-1,-1,-1,-1,-1,-1
9777,-1,-1,-1,-1,-1,-1,-1
9779,-1,-1,-1,-1,-1,-1,-1
9781,-1,-1,-1,-1,-1,-1,-1
9783,-1,-1,-1,-1,-1,-1,-1
9785,-1,-1,-1,-1,-1,-1,-1
9787,-1,-1,-1,-1,-1,-1,-1
9789,-1,-1,-1,-1,-1,-1,-1
9791,-1,-1,-1,-1,-1,-1,-1
9793,-1,-1,-1,-1,-1,-1,-1
9795,-1,-1,-1,-1,-1,-1,-1
9797,-1,-1,-1,-1,-1,-1,-1
9799,-1,-1,-1,-1,-1,-1,-1
9801,-1,-1,-1,-1,-1,-1,-1
9803,-1,-1,-1,-1,-1,-1,-1
9805,-1,-1,-1,-1,-1,-1,-1
9807,-1,-1,-1,-1,-1,-1,-1
9809,-1,-1,-1,-1,-1,-1,-1
9811,-1,-1,-1,-1,-1,-1,-1
9813,-1,-1,-1,-1,-1,-1,-1
9815,-1,-1,-1,-1,-1,-1,-1
9817,-1,-1,-1,-1,-1,-1,-1
9819,-1,-1,-1,-1,-1,-1,-1
9821,-1,-1,-1,-1,-1,-1,-1
9823,-1,-1,-1,-1,-1,-1,-1
9825,-1,-1,-1,-1,-1,-1,-1
9827,-1,-1,-1,-1,-1,-1,-1
9829,-1,-1,-1,-1,-1,-1,-1
9831,-1,-1,-1,-1,-1,-1,-1
9833,-1,-1,-1,-1,-1,-1,-1
9835,-1,-1,-1,-1,-1,-1,-1
9837,-1,-1,-1,-1,-1,-1,-1
9839,-1,-1,-1,-1,-1,-1,-1
9841,-1,-1,-1,-1,-1,-1,-1
9843,-1,-1,-1,-1,-1,-1,-1
9845,-1,-1,-1,-1,-1,-1,-1
9847,-1,-1,-1,-1,-1,-1,-1
9849,-1,-1,-1,-1,-1,-1,-1
9851,-1,-1,-1,-1,-1,-1,-1
9853,-1,-1,-1,-1,-1,-1,-1
9855,-1,-1,-1,-1,-1,-1,-1
9857,-1,-1,-1,-1,-1,-1,-1
9859,-1,-1,-1,-1,-1,-1,-1
9861,-1,-1,-1,-1,-1,-1,-1
9863,-1,-1,-1,-1,-1,-1,-1
9865,-1,-1,-1,-1,-1,-1,-1
9867,-1,-1,-1,-1,-1,-1,-1
9869,-1,-1,-1,-1,-1,-1,-1
9871,-1,-1,-1,-1,-1,-1,-1
9873,-1,-1,-1,-1,-1,-1,-1
9875,-1,-1,-1,-1,-1,-1,-1
9877,-1,-1,-1,-1,-1,-1,-1
9879,-1,-1,-1,-1,-1,-1,-1
9881,-1,-1,-1,-1,-1,-1,-1
9883,-1,-1,-1,-1,-1,-1,-1
9885,-1,-1,-1,-1,-1,-1,-1
9887,-1,-1,-1,-1,-1,-1,-1
9889,-1,-1,-1,-1,-1,-1,-1
9891,-1,-1,-1,-1,-1,-1,-1
9893,-1,-1,-1,-1,-1,-1,-1
9895,-1,-1,-1,-1,-1,-1,-1
9897,-1,-1,-1,-1,-1,-1,-1
9899,-1,-1,-1,-1,-1,-1,-1
9901,-1,-1,-1,-1,-1,-1,-1
9903,-1,-1,-1,-1,-1,-1,-1
9905,-1,-1,-1,-1,-1,-1,-1
9907,-1,-1,-1,-1,-1,-1,-1
9909,-1,-1,-1,-1,-1,-1,-1
9911,-1,-1,-1,-1,-1,-1,-1
9913,-1,-1,-1,-1,-1,-1,-1
9915,-1,-1,-1,-1,-1,-1,-1
9917,-1,-1,-1,-1,-1,-1,-1
9919,-1,-1,-1,-1,-1,-1,-1
9921,-1,-1,-1,-1,-1,-1,-1
9923,-1,-1,-1,-1,-1,-1,-1
9925,-1,-1,-1,-1,-1,-1,-1
9927,-1,-1,-1,-1,-1,-1,-1
9929,-1,-1,-1,-1,-1,-1,-1
9931,-1,-1,-1,-1,-1,-1,-1
9933,-1,-1,-1,-1,-1,-1,-1
9935,-1,-1,-1,-1,-1,-1,-1
9937,-1,-1,-1,-1,-1,-1,-1
9939,-1,-1,-1,-1,-1,-1,-1
9941,-1,-1,-1,-1,-1,-1,-1
9943,-1,-1,-1,-1,-1,-1,-1
9945,-1,-1,-1,-1,-1,-1,-1
9947,-1,-1,-1,-1,-1,-1,-1
9949,-1,-1,-1,-1,-1,-1,-1
9951,-1,-1,-1,-1,-1,-1,-1
9953,-1,-1,-1,-1,-1,-1,-1
9955,-1,-1,-1,-1,-1,-1,-1
9957,-1,-1,-1,-1,-1,-1,-1
9959,-1,-1,-1,-1,-1,-1,-1
9961,-1,-1,-1,-1,-1,-1,-1
9963,-1,-1,-1,-1,-1,-1,-1
9965,-1,-1,-1,-1,-1,-1,-1
9967,-1,-1,-1,-1,-1,-1,-1
9969,-1,-1,-1,-1,-1,-1,-1
9971,-1,-1,-1,-1,-1,-1,-1
9973,-1,-1,-1,-1,-1,-1,-1
9975,-1,-1,-1,-1,-1,-1,-1
9977,-1,-1,-1,-1,-1,-1,-1
9979,-1,-1,-1,-1,-1,-1,-1
9981,-1,-1,-1,-1,-1,-1,-1
9983,-1,-1,-1,-1,-1,-1,-1
9985,-1,-1,-1,-1,-1,-1,-1
9987,-1,-1,-1,-1,-1,-1,-1
9989,-1,-1,-1,-1,-1,-1,-1
9991,-1,-1,-1,-1,-1,-1,-1
9993,-1,-1,-1,-1,-1,-1,-1
9995,-1,-1,-1,-1,-1,-1,-1
9997,-1,-1,-1,-1,-1,-1,-1
9999,-1,-1,-1,-1,-1,-1,-1
10001,-1,-1,-1,-1,-1,-1,-1
10003,-1,-1,-1,-1,-1,-1,-1
10005,-1,-1,-1,-1,-1,-1,-1
10007,-1,-1,-1,-1,-1,-1,-1
10009,-1,-1,-1,-1,-1,-1,-1
10011,-1,-1,-1,-1,-1,-1,-1
10013,-1,-1,-1,-1,-1,-1,-1
10015,-1,-1,-1,-1,-1,-1,-1
10017,-1,-1,-1,-1,-1,-1,-1
10019,-1,-1,-1,-1,-1,-1,-1
10021,-1,-1,-1,-1,-1,-1,-1
10023,-1,-1,-1,-1,-1,-1,-1
10025,-1,-1,-1,-1,-1,-1,-1
10027,-1,-1,-1,-1,-1,-1,-1
10029,-1,-1,-1,-1,-1,-1,-1
10031,-1,-1,-1,-1,-1,-1,-1
10033,-1,-1,-1,-1,-1,-1,-1
10035,-1,-1,-1,-1,-1,-1,-1
10037,-1,-1,-1,-1,-1,-1,-1
10039,-1,-1,-1,-1,-1,-1,-1
10041,-1,-1,-1,-1,-1,-1,-1
10043,-1,-1,-1,-1,-1,-1,-1
10045,-1,-1,-1,-1,-1,-1,-1
10047,-1,-1,-1,-1,-1,-1,-1
10049,-1,-1,-1,-1,-1,-1,-1
10051,-1,-1,-1,-1,-1,-1,-1
10053,-1,-1,-1,-1,-1,-1,-1
10055,-1,-1,-1,-1,-1,-1,-1
10057,-1,-1,-1,-1,-1,-1,-1
10059,-1,-1,-1,-1,-1,-1,-1
10061,-1,-1,-1,-1,-1,-1,-1
10063,-1,-1,-1,-1,-1,-1,-1
10065,-1,-1,-1,-1,-1,-1,-1
10067,-1,-1,-1,-1,-1,-1,-1
10069,-1,-1,-1,-1,-1,-1,-1
10071,-1,-1,-1,-1,-1,-1,-1
10073,-1,-1,-1,-1,-1,-1,-1
10075,-1,-1,-1,-1,-1,-1,-1
10077,-1,-1,-1,-1,-1,-1,-1
10079,-1,-1,-1,-1,-1,-1,-1
10081,-1,-1,-1,-1,-1,-1,-1
10083,-1,-1,-1,-1,-1,-1,-1
10085,-1,-1,-1,-1,-1,-1,-1
10087,-1,-1,-1,-1,-1,-1,-1
10089,-1,-1,-1,-1,-1,-1,-1
10091,-1,-1,-1,-1,-1,-1,-1
10093,-1,-1,-1,-1,-1,-1,-1
10095,-1,-1,-1,-1,-1,-1,-1
10097,-1,-1,-1,-1,-1,-1,-1
10099,-1,-1,-1,-1,-1,-1,-1
10101,-1,-1,-1,-1,-1,-1,-1
10103,-1,-1,-1,-1,-1,-1,-1
10105,-1,-1,-1,-1,-1,-1,-1
10107,-1,-1,-1,-1,-1,-1,-1
10109,-1,-1,-1,-1,-1,-1,-1
10111,-1,-1,-1,-1,-1,-1,-1
10113,-1,-1,-1,-1,-1,-1,-1
10115,-1,-1,-1,-1,-1,-1,-1
10117,-1,-1,-1,-1,-1,-1,-1
10119,-1,-1,-1,-1,-1,-1,-1
10121,-1,-1,-1,-1,-1,-1,-1
10123,-1,-1,-1,-1,-1,-1,-1
10125,-1,-1,-1,-1,-1,-1,-1
10127,-1,-1,-1,-1,-1,-1,-1
10129,-1,-1,-1,-1,-1,-1,-1
10131,-1,-1,-1,-1,-1,-1,-1
10133,-1,-1,-1,-1,-1,-1,-1
10135,-1,-1,-1,-1,-1,-1,-1
10137,-1,-1,-1,-1,-1,-1,-1
10139,-1,-1,-1,-1,-1,-1,-1
10141,-1,-1,-1,-1,-1,-1,-1
10143,-1,-1,-1,-1,-1,-1,-1
10145,-1,-1,-1,-1,-1,-1,-1
10147,-1,-1,-1,-1,-1,-1,-1
10149,-1,-1,-1,-1,-1,-1,-1
10151,-1,-1,-1,-1,-1,-1,-1
10153,-1,-1,-1,-1,-1,-1,-1
10155,-1,-1,-1,-1,-1,-1,-1
10157,-1,-1,-1,-1,-1,-1,-1
10159,-1,-1,-1,-1,-1,-1,-1
10161,-1,-1,-1,-1,-1,-1,-1
10163,-1,-1,-1,-1,-1,-1,-1
10165,-1,-1,-1,-1,-1,-1,-1
10167,-1,-1,-1,-1,-1,-1,-1
10169,-1,-1,-1,-1,-1,-1,-1
10171,-1,-1,-1,-1,-1,-1,-1
10173,-1,-1,-1,-1,-1,-1,-1
10175,-1,-1,-1,-1,-1,-1,-1
10177,-1,-1,-1,-1,-1,-1,-1
10179,-1,-1,-1,-1,-1,-1,-1
10181,-1,-1,-1,-1,-1,-1,-1
10183,-1,-1,-1,-1,-1,-1,-1
10185,-1,-1,-1,-1,-1,-1,-1
10187,-1,-1,-1,-1,-1,-1,-1
10189,-1,-1,-1,-1,-1,-1,-1
10191,-1,-1,-1,-1,-1,-1,-1
10193,-1,-1,-1,-1,-1,-1,-1
10195,-1,-1,-1,-1,-1,-1,-1
10197,-1,-1,-1,-1,-1,-1,-1
10199,-1,-1,-1,-1,-1,-1,-1
10201,-1,-1,-1,-1,-1,-1,-1
10203,-1,-1,-1,-1,-1,-1,-1
10205,-1,-1,-1,-1,-1,-1,-1
10207,-1,-1,-1,-1,-1,-1,-1
10209,-1,-1,-1,-1,-1,-1,-1
10211,-1,-1,-1,-1,-1,-1,-1
10213,-1,-1,-1,-1,-1,-1,-1
10215,-1,-1,-1,-1,-1,-1,-1
10217,-1,-1,-1,-1,-1,-1,-1
10219,-1,-1,-1,-1,-1,-1,-1
10221,-1,-1,-1,-1,-1,-1,-1
10223,-1,-1,-1,-1,-1,-1,-1
10225,-1,-1,-1,-1,-1,-1,-1
10227,-1,-1,-1,-1,-1,-1,-1
10229,-1,-1,-1,-1,-1,-1,-1
10231,-1,-1,-1,-1,-1,-1,-1
10233,-1,-1,-1,-1,-1,-1,-1
10235,-1,-1,-1,-1,-1,-1,-1
10237,-1,-1,-1,-1,-1,-1,-1
10239,-1,-1,-1,-1,-1,-1,-1
10241,-1,-1,-1,-1,-1,-1,-1
10243,-1,-1,-1,-1,-1,-1,-1
10245,-1,-1,-1,-1,-1,-1,-1
10247,-1,-1,-1,-1,-1,-1,-1
10249,-1,-1,-1,-1,-1,-1,-1
10251,-1,-1,-1,-1,-1,-1,-1
10253,-1,-1,-1,-1,-1,-1,-1
10255,-1,-1,-1,-1,-1,-1,-1
10257,-1,-1,-1,-1,-1,-1,-1
10259,-1,-1,-1,-1,-1,-1,-1
10261,-1,-1,-1,-1,-1,-1,-1
10263,-1,-1,-1,-1,-1,-1,-1
10265,-1,-1,-1,-1,-1,-1,-1
10267,-1,-1,-1,-1,-1,-1,-1
10269,-1,-1,-1,-1,-1,-1,-1
10271,-1,-1,-1,-1,-1,-1,-1
10273,-1,-1,-1,-1,-1,-1,-1
10275,-1,-1,-1,-1,-1,-1,-1
10277,-1,-1,-1,-1,-1,-1,-1
10279,-1,-1,-1,-1,-1,-1,-1
10281,-1,-1,-1,-1,-1,-1,-1
10283,-1,-1,-1,-1,-1,-1,-1
10285,-1,-1,-1,-1,-1,-1,-1
10287,-1,-1,-1,-1,-1,-1,-1
10289,-1,-1,-1,-1,-1,-1,-1
10291,-1,-1,-1,-1,-1,-1,-1
10293,-1,-1,-1,-1,-1,-1,-1
10295,-1,-1,-1,-1,-1,-1,-1
10297,-1,-1,-1,-1,-1,-1,-1
10299,-1,-1,-1,-1,-1,-1,-1
10301,-1,-1,-1,-1,-1,-1,-1
10303,-1,-1,-1,-1,-1,-1,-1
10305,-1,-1,-1,-1,-1,-1,-1
10307,-1,-1,-1,-1,-1,-1,-1
10309,-1,-1,-1,-1,-1,-1,-1
10311,-1,-1,-1,-1,-1,-1,-1
10313,-1,-1,-1,-1,-1,-1,-1
10315,-1,-1,-1,-1,-1,-1,-1
10317,-1,-1,-1,-1,-1,-1,-1
10319,-1,-1,-1,-1,-1,-1,-1
10321,-1,-1,-1,-1,-1,-1,-1
10323,-1,-1,-1,-1,-1,-1,-1
10325,-1,-1,-1,-1,-1,-1,-1
10327,-1,-1,-1,-1,-1,-1,-1
10329,-1,-1,-1,-1,-1,-1,-1
10331,-1,-1,-1,-1,-1,-1,-1
10333,-1,-1,-1,-1,-1,-1,-1
10335,-1,-1,-1,-1,-1,-1,-1
10337,-1,-1,-1,-1,-1,-1,-1
10339,-1,-1,-1,-1,-1,-1,-1
10341,-1,-1,-1,-1,-1,-1,-1
10343,-1,-1,-1,-1,-1,-1,-1
10345,-1,-1,-1,-1,-1,-1,-1
10347,-1,-1,-1,-1,-1,-1,-1
10349,-1,-1,-1,-1,-1,-1,-1
10351,-1,-1,-1,-1,-1,-1,-1
10353,-1,-1,-1,-1,-1,-1,-1
10355,-1,-1,-1,-1,-1,-1,-1
10357,-1,-1,-1,-1,-1,-1,-1
10359,-1,-1,-1,-1,-1,-1,-1
10361,-1,-1,-1,-1,-1,-1,-1
10363,-1,-1,-1,-1,-1,-1,-1
10365,-1,-1,-1,-1,-1,-1,-1
10367,-1,-1,-1,-1,-1,-1,-1
10369,-1,-1,-1,-1,-1,-1,-1
10371,-1,-1,-1,-1,-1,-1,-1
10373,-1,-1,-1,-1,-1,-1,-1
10375,-1,-1,-1,-1,-1,-1,-1
10377,-1,-1,-1,-1,-1,-1,-1
10379,-1,-1,-1,-1,-1,-1,-1
10381,-1,-1,-1,-1,-1,-1,-1
10383,-1,-1,-1,-1,-1,-1,-1
10385,-1,-1,-1,-1,-1,-1,-1
10387,-1,-1,-1,-1,-1,-1,-1
10389,-1,-1,-1,-1,-1,-1,-1
10391,-1,-1,-1,-1,-1,-1,-1
10393,-1,-1,-1,-1,-1,-1,-1
10395,-1,-1,-1,-1,-1,-1,-1
10397,-1,-1,-1,-1,-1,-1,-1
10399,-1,-1,-1,-1,-1,-1,-1
10401,-1,-1,-1,-1,-1,-1,-1
10403,-1,-1,-1,-1,-1,-1,-1
10405,-1,-1,-1,-1,-1,-1,-1
10407,-1,-1,-1,-1,-1,-1,-1
10409,-1,-1,-1,-1,-1,-1,-1
10411,-1,-1,-1,-1,-1,-1,-1
10413,-1,-1,-1,-1,-1,-1,-1
10415,-1,-1,-1,-1,-1,-1,-1
10417,-1,-1,-1,-1,-1,-1,-1
10419,-1,-1,-1,-1,-1,-1,-1
10421,-1,-1,-1,-1,-1,-1,-1
10423,-1,-1,-1,-1,-1,-1,-1
10425,-1,-1,-1,-1,-1,-1,-1
10427,-1,-1,-1,-1,-1,-1,-1
10429,-1,-1,-1,-1,-1,-1,-1
10431,-1,-1,-1,-1,-1,-1,-1
10433,-1,-1,-1,-1,-1,-1,-1
10435,-1,-1,-1,-1,-1,-1,-1
10437,-1,-1,-1,-1,-1,-1,-1
10439,-1,-1,-1,-1,-1,-1,-1
10441,-1,-1,-1,-1,-1,-1,-1
10443,-1,-1,-1,-1,-1,-1,-1
10445,-1,-1,-1,-1,-1,-1,-1
10447,-1,-1,-1,-1,-1,-1,-1
10449,-1,-1,-1,-1,-1,-1,-1
10451,-1,-1,-1,-1,-1,-1,-1
10453,-1,-1,-1,-1,-1,-1,-1
10455,-1,-1,-1,-1,-1,-1,-1
10457,-1,-1,-1,-1,-1,-1,-1
10459,-1,-1,-1,-1,-1,-1,-1
10461,-1,-1,-1,-1,-1,-1,-1
10463,-1,-1,-1,-1,-1,-1,-1
10465,-1,-1,-1,-1,-1,-1,-1
10467,-1,-1,-1,-1,-1,-1,-1
10469,-1,-1,-1,-1,-1,-1,-1
10471,-1,-1,-1,-1,-1,-1,-1
10473,-1,-1,-1,-1,-1,-1,-1
10475,-1,-1,-1,-1,-1,-1,-1
10477,-1,-1,-1,-1,-1,-1,-1
11067,-1,-1,-1,-1,-1,-1,-1
11069,-1,-1,-1,-1,-1,-1,-1
11071,-1,-1,-1,-1,-1,-1,-1
11073,-1,-1,-1,-1,-1,-1,-1
11075,-1,-1,-1,-1,-1,-1,-1
11077,-1,-1,-1,-1,-1,-1,-1
11079,-1,-1,-1,-1,-1,-1,-1
11081,-1,-1,-1,-1,-1,-1,-1
11083,-1,-1,-1,-1,-1,-1,-1
11085,-1,-1,-1,-1,-1,-1,-1
11087,-1,-1,-1,-1,-1,-1,-1
11089,-1,-1,-1,-1,-1,-1,-1
11091,-1,-1,-1,-1,-1,-1,-1
11093,-1,-1,-1,-1,-1,-1,-1
11095,-1,-1,-1,-1,-1,-1,-1
11097,-1,-1,-1,-1,-1,-1,-1
11099,-1,-1,-1,-1,-1,-1,-1
11101,-1,-1,-1,-1,-1,-1,-1
11103,-1,-1,-1,-1,-1,-1,-1
11105,-1,-1,-1,-1,-1,-1,-1
11107,-1,-1,-1,-1,-1,-1,-1
11109,-1,-1,-1,-1,-1,-1,-1
11111,-1,-1,-1,-1,-1,-1,-1
11113,-1,-1,-1,-1,-1,-1,-1
11115,-1,-1,-1,-1,-1,-1,-1
11117,-1,-1,-1,-1,-1,-1,-1
11119,-1,-1,-1,-1,-1,-1,-1
11121,-1,-1,-1,-1,-1,-1,-1
11123,-1,-1,-1,-1,-1,-1,-1
11125,-1,-1,-1,-1,-1,-1,-1
11127,-1,-1,-1,-1,-1,-1,-1
11129,-1,-1,-1,-1,-1,-1,-1
11131,-1,-1,-1,-1,-1,-1,-1
11133,-1,-1,-1,-1,-1,-1,-1
11135,-1,-1,-1,-1,-1,-1,-1
11137,-1,-1,-1,-1,-1,-1,-1
11139,-1,-1,-1,-1,-1,-1,-1
11141,-1,-1,-1,-1,-1,-1,-1
11143,-1,-1,-1,-1,-1,-1,-1
11145,-1,-1,-1,-1,-1,-1,-1
11147,-1,-1,-1,-1,-1,-1,-1
11149,-1,-1,-1,-1,-1,-1,-1
11151,-1,-1,-1,-1,-1,-1,-1
11153,-1,-1,-1,-1,-1,-1,-1
11155,-1,-1,-1,-1,-1,-1,-1
11157,-1,-1,-1,-1,-1,-1,-1
11159,-1,-1,-1,-1,-1,-1,-1
11161,-1,-1,-1,-1,-1,-1,-1
11163,-1,-1,-1,-1,-1,-1,-1
11165,-1,-1,-1,-1,-1,-1,-1
11167,-1,-1,-1,-1,-1,-1,-1
11169,-1,-1,-1,-1,-1,-1,-1
11171,-1,-1,-1,-1,-1,-1,-1
11173,-1,-1,-1,-1,-1,-1,-1
11175,-1,-1,-1,-1,-1,-1,-1
11177,-1,-1,-1,-1,-1,-1,-1
11179,-1,-1,-1,-1,-1,-1,-1
11181,-1,-1,-1,-1,-1,-1,-1
11183,-1,-1,-1,-1,-1,-1,-1
11185,-1,-1,-1,-1,-1,-1,-1
11187,-1,-1,-1,-1,-1,-1,-1
11189,-1,-1,-1,-1,-1,-1,-1
11191,-1,-1,-1,-1,-1,-1,-1
11193,-1,-1,-1,-1,-1,-1,-1
11195,-1,-1,-1,-1,-1,-1,-1
11197,-1,-1,-1,-1,-1,-1,-1
11199,-1,-1,-1,-1,-1,-1,-1
11201,-1,-1,-1,-1,-1,-1,-1
11203,-1,-1,-1,-1,-1,-1,-1
11205,-1,-1,-1,-1,-1,-1,-1
11207,-1,-1,-1,-1,-1,-1,-1
11209,-1,-1,-1,-1,-1,-1,-1
11211,-1,-1,-1,-1,-1,-1,-1
11213,-1,-1,-1,-1,-1,-1,-1
11215,-1,-1,-1,-1,-1,-1,-1
11217,-1,-1,-1,-1,-1,-1,-1
11219,-1,-1,-1,-1,-1,-1,-1
11221,-1,-1,-1,-1,-1,-1,-1
11223,-1,-1,-1,-1,-1,-1,-1
11225,-1,-1,-1,-1,-1,-1,-1
11227,-1,-1,-1,-1,-1,-1,-1
11229,-1,-1,-1,-1,-1,-1,-1
11231,-1,-1,-1,-1,-1,-1,-1
11233,-1,-1,-1,-1,-1,-1,-1
11235,-1,-1,-1,-1,-1,-1,-1
11237,-1,-1,-1,-1,-1,-1,-1
11239,-1,-1,-1,-1,-1,-1,-1
11241,-1,-1,-1,-1,-1,-1,-1
11243,-1,-1,-1,-1,-1,-1,-1
11245,-1,-1,-1,-1,-1,-1,-1
11247,-1,-1,-1,-1,-1,-1,-1
11249,-1,-1,-1,-1,-1,-1,-1
11251,-1,-1,-1,-1,-1,-1,-1
11253,-1,-1,-1,-1,-1,-1,-1
11255,-1,-1,-1,-1,-1,-1,-1
11257,-1,-1,-1,-1,-1,-1,-1
11259,-1,-1,-1,-1,-1,-1,-1
11261,-1,-1,-1,-1,-1,-1,-1
11263,-1,-1,-1,-1,-1,-1,-1
11265,-1,-1,-1,-1,-1,-1,-1
11267,-1,-1,-1,-1,-1,-1,-1
11269,-1,-1,-1,-1,-1,-1,-1
11271,-1,-1,-1,-1,-1,-1,-1
11273,-1,-1,-1,-1,-1,-1,-1
11275,-1,-1,-1,-1,-1,-1,-1
11277,-1,-1,-1,-1,-1,-1,-1
11279,-1,-1,-1,-1,-1,-1,-1
11281,-1,-1,-1,-1,-1,-1,-1
11283,-1,-1,-1,-1,-1,-1,-1
11285,-1,-1,-1,-1,-1,-1,-1
11287,-1,-1,-1,-1,-1,-1,-1
11289,-1,-1,-1,-1,-1,-1,-1
11291,-1,-1,-1,-1,-1,-1,-1
11293,-1,-1,-1,-1,-1,-1,-1
11295,-1,-1,-1,-1,-1,-1,-1
11297,-1,-1,-1,-1,-1,-1,-1
11299,-1,-1,-1,-1,-1,-1,-1
11301,-1,-1,-1,-1,-1,-1,-1
11303,-1,-1,-1,-1,-1,-1,-1
11305,-1,-1,-1,-1,-1,-1,-1
11307,-1,-1,-1,-1,-1,-1,-1
11309,-1,-1,-1,-1,-1,-1,-1
11311,-1,-1,-1,-1,-1,-1,-1
11313,-1,-1,-1,-1,-1,-1,-1
11315,-1,-1,-1,-1,-1,-1,-1
11317,-1,-1,-1,-1,-1,-1,-1
11319,-1,-1,-1,-1,-1,-1,-1
11321,-1,-1,-1,-1,-1,-1,-1
11323,-1,-1,-1,-1,-1,-1,-1
11325,-1,-1,-1,-1,-1,-1,-1
11327,-1,-1,-1,-1,-1,-1,-1
11329,-1,-1,-1,-1,-1,-1,-1
11331,-1,-1,-1,-1,-1,-1,-1
11333,-1,-1,-1,-1,-1,-1,-1
11335,-1,-1,-1,-1,-1,-1,-1
11337,-1,-1,-1,-1,-1,-1,-1
11339,-1,-1,-1,-1,-1,-1,-1
11341,-1,-1,-1,-1,-1,-1,-1
11343,-1,-1,-1,-1,-1,-1,-1
11345,-1,-1,-1,-1,-1,-1,-1
11347,-1,-1,-1,-1,-1,-1,-1
11349,-1,-1,-1,-1,-1,-1,-1
11351,-1,-1,-1,-1,-1,-1,-1
11353,-1,-1,-1,-1,-1,-1,-1
11355,-1,-1,-1,-1,-1,-1,-1
11357,-1,-1,-1,-1,-1,-1,-1
11359,-1,-1,-1,-1,-1,-1,-1
11361,-1,-1,-1,-1,-1,-1,-1
11363,-1,-1,-1,-1,-1,-1,-1
11365,-1,-1,-1,-1,-1,-1,-1
11367,-1,-1,-1,-1,-1,-1,-1
11369,-1,-1,-1,-1,-1,-1,-1
11371,-1,-1,-1,-1,-1,-1,-1
11373,-1,-1,-1,-1,-1,-1,-1
11375,-1,-1,-1,-1,-1,-1,-1
11377,-1,-1,-1,-1,-1,-1,-1
11379,-1,-1,-1,-1,-1,-1,-1
11381,-1,-1,-1,-1,-1,-1,-1
11383,-1,-1,-1,-1,-1,-1,-1
11385,-1,-1,-1,-1,-1,-1,-1
11387,-1,-1,-1,-1,-1,-1,-1
11389,-1,-1,-1,-1,-1,-1,-1
11391,-1,-1,-1,-1,-1,-1,-1
11393,-1,-1,-1,-1,-1,-1,-1
11395,-1,-1,-1,-1,-1,-1,-1
11397,-1,-1,-1,-1,-1,-1,-1
11399,-1,-1,-1,-1,-1,-1,-1
11401,-1,-1,-1,-1,-1,-1,-1
11403,-1,-1,-1,-1,-1,-1,-1
11405,-1,-1,-1,-1,-1,-1,-1
11407,-1,-1,-1,-1,-1,-1,-1
11409,-1,-1,-1,-1,-1,-1,-1
11411,-1,-1,-1,-1,-1,-1,-1
11413,-1,-1,-1,-1,-1,-1,-1
11415,-1,-1,-1,-1,-1,-1,-1
11417,-1,-1,-1,-1,-1,-1,-1
11419,-1,-1,-1,-1,-1,-1,-1
11421,-1,-1,-1,-1,-1,-1,-1
11423,-1,-1,-1,-1,-1,-1,-1
11425,-1,-1,-1,-1,-1,-1,-1
11427,-1,-1,-1,-1,-1,-1,-1
11429,-1,-1,-1,-1,-1,-1,-1
11431,-1,-1,-1,-1,-1,-1,-1
11433,-1,-1,-1,-1,-1,-1,-1
11435,-1,-1,-1,-1,-1,-1,-1
11437,-1,-1,-1,-1,-1,-1,-1
11439,-1,-1,-1,-1,-1,-1,-1
11441,-1,-1,-1,-1,-1,-1,-1
11443,-1,-1,-1,-1,-1,-1,-1
11445,-1,-1,-1,-1,-1,-1,-1
11447,-1,-1,-1,-1,-1,-1,-1
11449,-1,-1,-1,-1,-1,-1,-1
11451,-1,-1,-1,-1,-1,-1,-1
11453,-1,-1,-1,-1,-1,-1,-1
11455,-1,-1,-1,-1,-1,-1,-1
11457,-1,-1,-1,-1,-1,-1,-1
11459,-1,-1,-1,-1,-1,-1,-1
11461,-1,-1,-1,-1,-1,-1,-1
11463,-1,-1,-1,-1,-1,-1,-1
11465,-1,-1,-1,-1,-1,-1,-1
11467,-1,-1,-1,-1,-1,-1,-1
11469,-1,-1,-1,-1,-1,-1,-1
11471,-1,-1,-1,-1,-1,-1,-1
11473,-1,-1,-1,-1,-1,-1,-1
11475,-1,-1,-1,-1,-1,-1,-1
11477,-1,-1,-1,-1,-1,-1,-1
11479,-1,-1,-1,-1,-1,-1,-1
11481,-1,-1,-1,-1,-1,-1,-1
11483,-1,-1,-1,-1,-1,-1,-1
11485,-1,-1,-1,-1,-1,-1,-1
11487,-1,-1,-1,-1,-1,-1,-1
11489,-1,-1,-1,-1,-1,-1,-1
11491,-1,-1,-1,-1,-1,-1,-1
11493,-1,-1,-1,-1,-1,-1,-1
11495,-1,-1,-1,-1,-1,-1,-1
11497,-1,-1,-1,-1,-1,-1,-1
11499,-1,-1,-1,-1,-1,-1,-1
11501,-1,-1,-1,-1,-1,-1,-1
11503,-1,-1,-1,-1,-1,-1,-1
11505,-1,-1,-1,-1,-1,-1,-1
11507,-1,-1,-1,-1,-1,-1,-1
11509,-1,-1,-1,-1,-1,-1,-1
11511,-1,-1,-1,-1,-1,-1,-1
11513,-1,-1,-1,-1,-1,-1,-1
11515,-1,-1,-1,-1,-1,-1,-1
11517,-1,-1,-1,-1,-1,-1,-1
11519,-1,-1,-1,-1,-1,-1,-1
11521,-1,-1,-1,-1,-1,-1,-1
11523,-1,-1,-1,-1,-1,-1,-1
12085,-1,-1,-1,-1,-1,-1,-1
12087,-1,-1,-1,-1,-1,-1,-1
12089,-1,-1,-1,-1,-1,-1,-1
12091,-1,-1,-1,-1,-1,-1,-1
12093,-1,-1,-1,-1,-1,-1,-1
12095,-1,-1,-1,-1,-1,-1,-1
12097,-1,-1,-1,-1,-1,-1,-1
12099,-1,-1,-1,-1,-1,-1,-1
12101,-1,-1,-1,-1,-1,-1,-1
12103,-1,-1,-1,-1,-1,-1,-1
12105,-1,-1,-1,-1,-1,-1,-1
12107,-1,-1,-1,-1,-1,-1,-1
12109,-1,-1,-1,-1,-1,-1,-1
12111,-1,-1,-1,-1,-1,-1,-1
12113,-1,-1,-1,-1,-1,-1,-1
12115,-1,-1,-1,-1,-1,-1,-1
12117,-1,-1,-1,-1,-1,-1,-1
12119,-1,-1,-1,-1,-1,-1,-1
12121,-1,-1,-1,-1,-1,-1,-1
12123,-1,-1,-1,-1,-1,-1,-1
12125,-1,-1,-1,-1,-1,-1,-1
12127,-1,-1,-1,-1,-1,-1,-1
12129,-1,-1,-1,-1,-1,-1,-1
12131,-1,-1,-1,-1,-1,-1,-1
12133,-1,-1,-1,-1,-1,-1,-1
12135,-1,-1,-1,-1,-1,-1,-1
12137,-1,-1,-1,-1,-1,-1,-1
12139,-1,-1,-1,-1,-1,-1,-1
12141,-1,-1,-1,-1,-1,-1,-1
12143,-1,-1,-1,-1,-1,-1,-1
12145,-1,-1,-1,-1,-1,-1,-1
12147,-1,-1,-1,-1,-1,-1,-1
12149,-1,-1,-1,-1,-1,-1,-1
12151,-1,-1,-1,-1,-1,-1,-1
12153,-1,-1,-1,-1,-1,-1,-1
12155,-1,-1,-1,-1,-1,-1,-1
12157,-1,-1,-1,-1,-1,-1,-1
12159,-1,-1,-1,-1,-1,-1,-1
12161,-1,-1,-1,-1,-1,-1,-1
12163,-1,-1,-1,-1,-1,-1,-1
12165,-1,-1,-1,-1,-1,-1,-1
12167,-1,-1,-1,-1,-1,-1,-1
12169,-1,-1,-1,-1,-1,-1,-1
12171,-1,-1,-1,-1,-1,-1,-1
13071,-1,-1,-1,-1,-1,-1,-1
13073,-1,-1,-1,-1,-1,-1,-1
13075,-1,-1,-1,-1,-1,-1,-1
13077,-1,-1,-1,-1,-1,-1,-1
13079,-1,-1,-1,-1,-1,-1,-1
13081,-1,-1,-1,-1,-1,-1,-1
13083,-1,-1,-1,-1,-1,-1,-1
13085,-1,-1,-1,-1,-1,-1,-1
13087,-1,-1,-1,-1,-1,-1,-1
13089,-1,-1,-1,-1,-1,-1,-1
13091,-1,-1,-1,-1,-1,-1,-1
13093,-1,-1,-1,-1,-1,-1,-1
13095,-1,-1,-1,-1,-1,-1,-1
13097,-1,-1,-1,-1,-1,-1,-1
13099,-1,-1,-1,-1,-1,-1,-1
13101,-1,-1,-1,-1,-1,-1,-1
13103,-1,-1,-1,-1,-1,-1,-1
13105,-1,-1,-1,-1,-1,-1,-1
13107,-1,-1,-1,-1,-1,-1,-1
13109,-1,-1,-1,-1,-1,-1,-1
13111,-1,-1,-1,-1,-1,-1,-1
13113,-1,-1,-1,-1,-1,-1,-1
13115,-1,-1,-1,-1,-1,-1,-1
13117,-1,-1,-1,-1,-1,-1,-1
13119,-1,-1,-1,-1,-1,-1,-1
13121,-1,-1,-1,-1,-1,-1,-1
13123,-1,-1,-1,-1,-1,-1,-1
13125,-1,-1,-1,-1,-1,-1,-1
13127,-1,-1,-1,-1,-1,-1,-1
13129,-1,-1,-1,-1,-1,-1,-1
13131,-1,-1,-1,-1,-1,-1,-1
13133,-1,-1,-1,-1,-1,-1,-1
13135,-1,-1,-1,-1,-1,-1,-1
13137,-1,-1,-1,-1,-1,-1,-1
13139,-1,-1,-1,-1,-1,-1,-1
13141,-1,-1,-1,-1,-1,-1,-1
13143,-1,-1,-1,-1,-1,-1,-1
13145,-1,-1,-1,-1,-1,-1,-1
13147,-1,-1,-1,-1,-1,-1,-1
13149,-1,-1,-1,-1,-1,-1,-1
13151,-1,-1,-1,-1,-1,-1,-1
13153,-1,-1,-1,-1,-1,-1,-1
13155,-1,-1,-1,-1,-1,-1,-1
13157,-1,-1,-1,-1,-1,-1,-1
13159,-1,-1,-1,-1,-1,-1,-1
13161,-1,-1,-1,-1,-1,-1,-1
13163,-1,-1,-1,-1,-1,-1,-1
13165,-1,-1,-1,-1,-1,-1,-1
13167,-1,-1,-1,-1,-1,-1,-1
13169,-1,-1,-1,-1,-1,-1,-1
13171,-1,-1,-1,-1,-1,-1,-1
13173,-1,-1,-1,-1,-1,-1,-1
13175,-1,-1,-1,-1,-1,-1,-1
13177,-1,-1,-1,-1,-1,-1,-1
13179,-1,-1,-1,-1,-1,-1,-1
13181,-1,-1,-1,-1,-1,-1,-1
13183,-1,-1,-1,-1,-1,-1,-1
13185,-1,-1,-1,-1,-1,-1,-1
13187,-1,-1,-1,-1,-1,-1,-1
13189,-1,-1,-1,-1,-1,-1,-1
13191,-1,-1,-1,-1,-1,-1,-1
13193,-1,-1,-1,-1,-1,-1,-1
13195,-1,-1,-1,-1,-1,-1,-1
13197,-1,-1,-1,-1,-1,-1,-1
13199,-1,-1,-1,-1,-1,-1,-1
13201,-1,-1,-1,-1,-1,-1,-1
13203,-1,-1,-1,-1,-1,-1,-1
13205,-1,-1,-1,-1,-1,-1,-1
13207,-1,-1,-1,-1,-1,-1,-1
13209,-1,-1,-1,-1,-1,-1,-1
13211,-1,-1,-1,-1,-1,-1,-1
13213,-1,-1,-1,-1,-1,-1,-1
13215,-1,-1,-1,-1,-1,-1,-1
13217,-1,-1,-1,-1,-1,-1,-1
13219,-1,-1,-1,-1,-1,-1,-1
13221,-1,-1,-1,-1,-1,-1,-1
13223,-1,-1,-1,-1,-1,-1,-1
13225,-1,-1,-1,-1,-1,-1,-1
13227,-1,-1,-1,-1,-1,-1,-1
13229,-1,-1,-1,-1,-1,-1,-1
13231,-1,-1,-1,-1,-1,-1,-1
13233,-1,-1,-1,-1,-1,-1,-1
13235,-1,-1,-1,-1,-1,-1,-1
13237,-1,-1,-1,-1,-1,-1,-1
13239,-1,-1,-1,-1,-1,-1,-1
13241,-1,-1,-1,-1,-1,-1,-1
13243,-1,-1,-1,-1,-1,-1,-1
13245,-1,-1,-1,-1,-1,-1,-1
13247,-1,-1,-1,-1,-1,-1,-1
13249,-1,-1,-1,-1,-1,-1,-1
13251,-1,-1,-1,-1,-1,-1,-1
13253,-1,-1,-1,-1,-1,-1,-1
13255,-1,-1,-1,-1,-1,-1,-1
13257,-1,-1,-1,-1,-1,-1,-1
13259,-1,-1,-1,-1,-1,-1,-1
13261,-1,-1,-1,-1,-1,-1,-1
13263,-1,-1,-1,-1,-1,-1,-1
13265,-1,-1,-1,-1,-1,-1,-1
13267,-1,-1,-1,-1,-1,-1,-1
13269,-1,-1,-1,-1,-1,-1,-1
13271,-1,-1,-1,-1,-1,-1,-1
13273,-1,-1,-1,-1,-1,-1,-1
13275,-1,-1,-1,-1,-1,-1,-1
13277,-1,-1,-1,-1,-1,-1,-1
13279,-1,-1,-1,-1,-1,-1,-1
13281,-1,-1,-1,-1,-1,-1,-1
13283,-1,-1,-1,-1,-1,-1,-1
13285,-1,-1,-1,-1,-1,-1,-1
13287,-1,-1,-1,-1,-1,-1,-1
13289,-1,-1,-1,-1,-1,-1,-1
13291,-1,-1,-1,-1,-1,-1,-1
13293,-1,-1,-1,-1,-1,-1,-1
13295,-1,-1,-1,-1,-1,-1,-1
13297,-1,-1,-1,-1,-1,-1,-1
13299,-1,-1,-1,-1,-1,-1,-1
13301,-1,-1,-1,-1,-1,-1,-1
13303,-1,-1,-1,-1,-1,-1,-1
13305,-1,-1,-1,-1,-1,-1,-1
13307,-1,-1,-1,-1,-1,-1,-1
13309,-1,-1,-1,-1,-1,-1,-1
13311,-1,-1,-1,-1,-1,-1,-1
13313,-1,-1,-1,-1,-1,-1,-1
13315,-1,-1,-1,-1,-1,-1,-1
13317,-1,-1,-1,-1,-1,-1,-1
13319,-1,-1,-1,-1,-1,-1,-1
13321,-1,-1,-1,-1,-1,-1,-1
13323,-1,-1,-1,-1,-1,-1,-1
13325,-1,-1,-1,-1,-1,-1,-1
13327,-1,-1,-1,-1,-1,-1,-1
13329,-1,-1,-1,-1,-1,-1,-1
13331,-1,-1,-1,-1,-1,-1,-1
13333,-1,-1,-1,-1,-1,-1,-1
13335,-1,-1,-1,-1,-1,-1,-1
13337,-1,-1,-1,-1,-1,-1,-1
13339,-1,-1,-1,-1,-1,-1,-1
13341,-1,-1,-1,-1,-1,-1,-1
13343,-1,-1,-1,-1,-1,-1,-1
13345,-1,-1,-1,-1,-1,-1,-1
13347,-1,-1,-1,-1,-1,-1,-1
13349,-1,-1,-1,-1,-1,-1,-1
13351,-1,-1,-1,-1,-1,-1,-1
13353,-1,-1,-1,-1,-1,-1,-1
13355,-1,-1,-1,-1,-1,-1,-1
13357,-1,-1,-1,-1,-1,-1,-1
13359,-1,-1,-1,-1,-1,-1,-1
13361,-1,-1,-1,-1,-1,-1,-1
22829,-1,-1,-1,-1,-1,-1,-1
22831,-1,-1,-1,-1,-1,-1,-1
22833,-1,-1,-1,-1,-1,-1,-1
22835,-1,-1,-1,-1,-1,-1,-1
22837,-1,-1,-1,-1,-1,-1,-1
22839,-1,-1,-1,-1,-1,-1,-1
22841,-1,-1,-1,-1,-1,-1,-1
22843,-1,-1,-1,-1,-1,-1,-1
22845,-1,-1,-1,-1,-1,-1,-1
22847,-1,-1,-1,-1,-1,-1,-1
22849,-1,-1,-1,-1,-1,-1,-1
22851,-1,-1,-1,-1,-1,-1,-1
22853,-1,-1,-1,-1,-1,-1,-1
22855,-1,-1,-1,-1,-1,-1,-1
22857,-1,-1,-1,-1,-1,-1,-1
22859,-1,-1,-1,-1,-1,-1,-1
22861,-1,-1,-1,-1,-1,-1,-1
22863,-1,-1,-1,-1,-1,-1,-1
22865,-1,-1,-1,-1,-1,-1,-1
22867,-1,-1,-1,-1,-1,-1,-1
22869,-1,-1,-1,-1,-1,-1,-1
22871,-1,-1,-1,-1,-1,-1,-1
22873,-1,-1,-1,-1,-1,-1,-1
22875,-1,-1,-1,-1,-1,-1,-1
22877,-1,-1,-1,-1,-1,-1,-1
22879,-1,-1,-1,-1,-1,-1,-1
22881,-1,-1,-1,-1,-1,-1,-1
22883,-1,-1,-1,-1,-1,-1,-1
22885,-1,-1,-1,-1,-1,-1,-1
22887,-1,-1,-1,-1,-1,-1,-1
22889,-1,-1,-1,-1,-1,-1,-1
22891,-1,-1,-1,-1,-1,-1,-1
22893,-1,-1,-1,-1,-1,-1,-1
22895,-1,-1,-1,-1,-1,-1,-1
22897,-1,-1,-1,-1,-1,-1,-1
22899,-1,-1,-1,-1,-1,-1,-1
22901,-1,-1,-1,-1,-1,-1,-1
22903,-1,-1,-1,-1,-1,-1,-1
22905,-1,-1,-1,-1,-1,-1,-1
22907,-1,-1,-1,-1,-1,-1,-1
22909,-1,-1,-1,-1,-1,-1,-1
22911,-1,-1,-1,-1,-1,-1,-1
22913,-1,-1,-1,-1,-1,-1,-1
22915,-1,-1,-1,-1,-1,-1,-1
22917,-1,-1,-1,-1,-1,-1,-1
22919,-1,-1,-1,-1,-1,-1,-1
22921,-1,-1,-1,-1,-1,-1,-1
22923,-1,-1,-1,-1,-1,-1,-1
22925,-1,-1,-1,-1,-1,-1,-1
22927,-1,-1,-1,-1,-1,-1,-1
22929,-1,-1,-1,-1,-1,-1,-1
22931,-1,-1,-1,-1,-1,-1,-1
22933,-1,-1,-1,-1,-1,-1,-1
22935,-1,-1,-1,-1,-1,-1,-1
22937,-1,-1,-1,-1,-1,-1,-1
22939,-1,-1,-1,-1,-1,-1,-1
22941,-1,-1,-1,-1,-1,-1,-1
22943,-1,-1,-1,-1,-1,-1,-1
22945,-1,-1,-1,-1,-1,-1,-1
22947,-1,-1,-1,-1,-1,-1,-1
22949,-1,-1,-1,-1,-1,-1,-1
22951,-1,-1,-1,-1,-1,-1,-1
22953,-1,-1,-1,-1,-1,-1,-1
22955,-1,-1,-1,-1,-1,-1,-1
22957,-1,-1,-1,-1,-1,-1,-1
22959,-1,-1,-1,-1,-1,-1,-1
22961,-1,-1,-1,-1,-1,-1,-1
22963,-1,-1,-1,-1,-1,-1,-1
23165,-1,-1,-1,-1,-1,-1,-1
23167,-1,-1,-1,-1,-1,-1,-1
23169,-1,-1,-1,-1,-1,-1,-1
23171,-1,-1,-1,-1,-1,-1,-1
23173,-1,-1,-1,-1,-1,-1,-1
23175,-1,-1,-1,-1,-1,-1,-1
23177,-1,-1,-1,-1,-1,-1,-1
23179,-1,-1,-1,-1,-1,-1,-1
23181,-1,-1,-1,-1,-1,-1,-1
23183,-1,-1,-1,-1,-1,-1,-1
23185,-1,-1,-1,-1,-1,-1,-1
23187,-1,-1,-1,-1,-1,-1,-1
23189,-1,-1,-1,-1,-1,-1,-1
23191,-1,-1,-1,-1,-1,-1,-1
23193,-1,-1,-1,-1,-1,-1,-1
23195,-1,-1,-1,-1,-1,-1,-1
23197,-1,-1,-1,-1,-1,-1,-1
23199,-1,-1,-1,-1,-1,-1,-1
23201,-1,-1,-1,-1,-1,-1,-1
23203,-1,-1,-1,-1,-1,-1,-1
23205,-1,-1,-1,-1,-1,-1,-1
23207,-1,-1,-1,-1,-1,-1,-1
23209,-1,-1,-1,-1,-1,-1,-1
23211,-1,-1,-1,-1,-1,-1,-1
23213,-1,-1,-1,-1,-1,-1,-1
23215,-1,-1,-1,-1,-1,-1,-1
23217,-1,-1,-1,-1,-1,-1,-1
23219,-1,-1,-1,-1,-1,-1,-1
23221,-1,-1,-1,-1,-1,-1,-1
23223,-1,-1,-1,-1,-1,-1,-1
23225,-1,-1,-1,-1,-1,-1,-1
23227,-1,-1,-1,-1,-1,-1,-1
23229,-1,-1,-1,-1,-1,-1,-1
23231,-1,-1,-1,-1,-1,-1,-1
23233,-1,-1,-1,-1,-1,-1,-1
23235,-1,-1,-1,-1,-1,-1,-1
23237,-1,-1,-1,-1,-1,-1,-1
23239,-1,-1,-1,-1,-1,-1,-1
23241,-1,-1,-1,-1,-1,-1,-1
23243,-1,-1,-1,-1,-1,-1,-1
23245,-1,-1,-1,-1,-1,-1,-1
23247,-1,-1,-1,-1,-1,-1,-1
23249,-1,-1,-1,-1,-1,-1,-1
23251,-1,-1,-1,-1,-1,-1,-1
23253,-1,-1,-1,-1,-1,-1,-1
23255,-1,-1,-1,-1,-1,-1,-1
23257,-1,-1,-1,-1,-1,-1,-1
23259,-1,-1,-1,-1,-1,-1,-1
23261,-1,-1,-1,-1,-1,-1,-1
23263,-1,-1,-1,-1,-1,-1,-1
23265,-1,-1,-1,-1,-1,-1,-1
23267,-1,-1,-1,-1,-1,-1,-1
23269,-1,-1,-1,-1,-1,-1,-1
23271,-1,-1,-1,-1,-1,-1,-1
23273,-1,-1,-1,-1,-1,-1,-1
23275,-1,-1,-1,-1,-1,-1,-1
23277,-1,-1,-1,-1,-1,-1,-1
23279,-1,-1,-1,-1,-1,-1,-1
23281,-1,-1,-1,-1,-1,-1,-1
23283,-1,-1,-1,-1,-1,-1,-1
23285,-1,-1,-1,-1,-1,-1,-1
23287,-1,-1,-1,-1,-1,-1,-1
23289,-1,-1,-1,-1,-1,-1,-1
23291,-1,-1,-1,-1,-1,-1,-1
23293,-1,-1,-1,-1,-1,-1,-1
23295,-1,-1,-1,-1,-1,-1,-1
23297,-1,-1,-1,-1,-1,-1,-1
23299,-1,-1,-1,-1,-1,-1,-1
23301,-1,-1,-1,-1,-1,-1,-1
23303,-1,-1,-1,-1,-1,-1,-1
23305,-1,-1,-1,-1,-1,-1,-1
23307,-1,-1,-1,-1,-1,-1,-1
23309,-1,-1,-1,-1,-1,-1,-1
23311,-1,-1,-1,-1,-1,-1,-1
23313,-1,-1,-1,-1,-1,-1,-1
23315,-1,-1,-1,-1,-1,-1,-1
23317,-1,-1,-1,-1,-1,-1,-1
23319,-1,-1,-1,-1,-1,-1,-1
23321,-1,-1,-1,-1,-1,-1,-1
23323,-1,-1,-1,-1,-1,-1,-1
23325,-1,-1,-1,-1,-1,-1,-1
23327,-1,-1,-1,-1,-1,-1,-1
23329,-1,-1,-1,-1,-1,-1,-1
23331,-1,-1,-1,-1,-1,-1,-1
23333,-1,-1,-1,-1,-1,-1,-1
23335,-1,-1,-1,-1,-1,-1,-1
23337,-1,-1,-1,-1,-1,-1,-1
23339,-1,-1,-1,-1,-1,-1,-1
23341,-1,-1,-1,-1,-1,-1,-1
23343,-1,-1,-1,-1,-1,-1,-1
23345,-1,-1,-1,-1,-1,-1,-1
23347,-1,-1,-1,-1,-1,-1,-1
23349,-1,-1,-1,-1,-1,-1,-1
23351,-1,-1,-1,-1,-1,-1,-1
23353,-1,-1,-1,-1,-1,-1,-1
23355,-1,-1,-1,-1,-1,-1,-1
23357,-1,-1,-1,-1,-1,-1,-1
23359,-1,-1,-1,-1,-1,-1,-1
23361,-1,-1,-1,-1,-1,-1,-1
23363,-1,-1,-1,-1,-1,-1,-1
23365,-1,-1,-1,-1,-1,-1,-1
23367,-1,-1,-1,-1,-1,-1,-1
23369,-1,-1,-1,-1,-1,-1,-1
23371,-1,-1,-1,-1,-1,-1,-1
23373,-1,-1,-1,-1,-1,-1,-1
23375,-1,-1,-1,-1,-1,-1,-1
23377,-1,-1,-1,-1,-1,-1,-1
23379,-1,-1,-1,-1,-1,-1,-1
23381,-1,-1,-1,-1,-1,-1,-1
23383,-1,-1,-1,-1,-1,-1,-1
23385,-1,-1,-1,-1,-1,-1,-1
23387,-1,-1,-1,-1,-1,-1,-1
23389,-1,-1,-1,-1,-1,-1,-1
23391,-1,-1,-1,-1,-1,-1,-1
23393,-1,-1,-1,-1,-1,-1,-1
23395,-1,-1,-1,-1,-1,-1,-1
23397,-1,-1,-1,-1,-1,-1,-1
23399,-1,-1,-1,-1,-1,-1,-1
23401,-1,-1,-1,-1,-1,-1,-1
23403,-1,-1,-1,-1,-1,-1,-1
23405,-1,-1,-1,-1,-1,-1,-1
23407,-1,-1,-1,-1,-1,-1,-1
23409,-1,-1,-1,-1,-1,-1,-1
23411,-1,-1,-1,-1,-1,-1,-1
23413,-1,-1,-1,-1,-1,-1,-1
23415,-1,-1,-1,-1,-1,-1,-1
23417,-1,-1,-1,-1,-1,-1,-1
23419,-1,-1,-1,-1,-1,-1,-1
23421,-1,-1,-1,-1,-1,-1,-1
23423,-1,-1,-1,-1,-1,-1,-1
23425,-1,-1,-1,-1,-1,-1,-1
23427,-1,-1,-1,-1,-1,-1,-1
23429,-1,-1,-1,-1,-1,-1,-1
23431,-1,-1,-1,-1,-1,-1,-1
23433,-1,-1,-1,-1,-1,-1,-1
23435,-1,-1,-1,-1,-1,-1,-1
23437,-1,-1,-1,-1,-1,-1,-1
23439,-1,-1,-1,-1,-1,-1,-1
23441,-1,-1,-1,-1,-1,-1,-1
23443,-1,-1,-1,-1,-1,-1,-1
23445,-1,-1,-1,-1,-1,-1,-1
23447,-1,-1,-1,-1,-1,-1,-1
23449,-1,-1,-1,-1,-1,-1,-1
23451,-1,-1,-1,-1,-1,-1,-1
23453,-1,-1,-1,-1,-1,-1,-1
23455,-1,-1,-1,-1,-1,-1,-1
23457,-1,-1,-1,-1,-1,-1,-1
23459,-1,-1,-1,-1,-1,-1,-1
23461,-1,-1,-1,-1,-1,-1,-1
23463,-1,-1,-1,-1,-1,-1,-1
23465,-1,-1,-1,-1,-1,-1,-1
23467,-1,-1,-1,-1,-1,-1,-1
23469,-1,-1,-1,-1,-1,-1,-1
23471,-1,-1,-1,-1,-1,-1,-1
23473,-1,-1,-1,-1,-1,-1,-1
23475,-1,-1,-1,-1,-1,-1,-1
23477,-1,-1,-1,-1,-1,-1,-1
23479,-1,-1,-1,-1,-1,-1,-1
23481,-1,-1,-1,-1,-1,-1,-1
23483,-1,-1,-1,-1,-1,-1,-1
23485,-1,-1,-1,-1,-1,-1,-1
23487,-1,-1,-1,-1,-1,-1,-1
23489,-1,-1,-1,-1,-1,-1,-1
23491,-1,-1,-1,-1,-1,-1,-1
23493,-1,-1,-1,-1,-1,-1,-1
23495,-1,-1,-1,-1,-1,-1,-1
23497,-1,-1,-1,-1,-1,-1,-1
23499,-1,-1,-1,-1,-1,-1,-1
23501,-1,-1,-1,-1,-1,-1,-1
23503,-1,-1,-1,-1,-1,-1,-1
23505,-1,-1,-1,-1,-1,-1,-1
23507,-1,-1,-1,-1,-1,-1,-1
23509,-1,-1,-1,-1,-1,-1,-1
23511,-1,-1,-1,-1,-1,-1,-1
23513,-1,-1,-1,-1,-1,-1,-1
23515,-1,-1,-1,-1,-1,-1,-1
23517,-1,-1,-1,-1,-1,-1,-1
23519,-1,-1,-1,-1,-1,-1,-1
23521,-1,-1,-1,-1,-1,-1,-1
23523,-1,-1,-1,-1,-1,-1,-1
23525,-1,-1,-1,-1,-1,-1,-1
23527,-1,-1,-1,-1,-1,-1,-1
23529,-1,-1,-1,-1,-1,-1,-1
23531,-1,-1,-1,-1,-1,-1,-1
23533,-1,-1,-1,-1,-1,-1,-1
23535,-1,-1,-1,-1,-1,-1,-1
23537,-1,-1,-1,-1,-1,-1,-1
23539,-1,-1,-1,-1,-1,-1,-1
23541,-1,-1,-1,-1,-1,-1,-1
23543,-1,-1,-1,-1,-1,-1,-1
23545,-1,-1,-1,-1,-1,-1,-1
23547,-1,-1,-1,-1,-1,-1,-1
23549,-1,-1,-1,-1,-1,-1,-1
23551,-1,-1,-1,-1,-1,-1,-1
23553,-1,-1,-1,-1,-1,-1,-1
23555,-1,-1,-1,-1,-1,-1,-1
23557,-1,-1,-1,-1,-1,-1,-1
23559,-1,-1,-1,-1,-1,-1,-1
23561,-1,-1,-1,-1,-1,-1,-1
23563,-1,-1,-1,-1,-1,-1,-1
23565,-1,-1,-1,-1,-1,-1,-1
23567,-1,-1,-1,-1,-1,-1,-1
23569,-1,-1,-1,-1,-1,-1,-1
23571,-1,-1,-1,-1,-1,-1,-1
23573,-1,-1,-1,-1,-1,-1,-1
23575,-1,-1,-1,-1,-1,-1,-1
23577,-1,-1,-1,-1,-1,-1,-1
23579,-1,-1,-1,-1,-1,-1,-1
23581,-1,-1,-1,-1,-1,-1,-1
23583,-1,-1,-1,-1,-1,-1,-1
23585,-1,-1,-1,-1,-1,-1,-1
23587,-1,-1,-1,-1,-1,-1,-1
23589,-1,-1,-1,-1,-1,-1,-1
23591,-1,-1,-1,-1,-1,-1,-1
23593,-1,-1,-1,-1,-1,-1,-1
23595,-1,-1,-1,-1,-1,-1,-1
23597,-1,-1,-1,-1,-1,-1,-1
23599,-1,-1,-1,-1,-1,-1,-1
23601,-1,-1,-1,-1,-1,-1,-1
23603,-1,-1,-1,-1,-1,-1,-1
23605,-1,-1,-1,-1,-1,-1,-1
23607,-1,-1,-1,-1,-1,-1,-1
23609,-1,-1,-1,-1,-1,-1,-1
23611,-1,-1,-1,-1,-1,-1,-1
23613,-1,-1,-1,-1,-1,-1,-1
23615,-1,-1,-1,-1,-1,-1,-1
23617,-1,-1,-1,-1,-1,-1,-1
23619,-1,-1,-1,-1,-1,-1,-1
23621,-1,-1,-1,-1,-1,-1,-1
23623,-1,-1,-1,-1,-1,-1,-1
23625,-1,-1,-1,-1,-1,-1,-1
23627,-1,-1,-1,-1,-1,-1,-1
23629,-1,-1,-1,-1,-1,-1,-1
23631,-1,-1,-1,-1,-1,-1,-1
23633,-1,-1,-1,-1,-1,-1,-1
23635,-1,-1,-1,-1,-1,-1,-1
23637,-1,-1,-1,-1,-1,-1,-1
23639,-1,-1,-1,-1,-1,-1,-1
23641,-1,-1,-1,-1,-1,-1,-1
23643,-1,-1,-1,-1,-1,-1,-1
23645,-1,-1,-1,-1,-1,-1,-1
23647,-1,-1,-1,-1,-1,-1,-1
23649,-1,-1,-1,-1,-1,-1,-1
23651,-1,-1,-1,-1,-1,-1,-1
23653,-1,-1,-1,-1,-1,-1,-1
23655,-1,-1,-1,-1,-1,-1,-1
23657,-1,-1,-1,-1,-1,-1,-1
23659,-1,-1,-1,-1,-1,-1,-1
23661,-1,-1,-1,-1,-1,-1,-1
23663,-1,-1,-1,-1,-1,-1,-1
23665,-1,-1,-1,-1,-1,-1,-1
23667,-1,-1,-1,-1,-1,-1,-1
23669,-1,-1,-1,-1,-1,-1,-1
23671,-1,-1,-1,-1,-1,-1,-1
23673,-1,-1,-1,-1,-1,-1,-1
23675,-1,-1,-1,-1,-1,-1,-1
23677,-1,-1,-1,-1,-1,-1,-1
23679,-1,-1,-1,-1,-1,-1,-1
23681,-1,-1,-1,-1,-1,-1,-1
23683,-1,-1,-1,-1,-1,-1,-1
23685,-1,-1,-1,-1,-1,-1,-1
23687,-1,-1,-1,-1,-1,-1,-1
23689,-1,-1,-1,-1,-1,-1,-1
23691,-1,-1,-1,-1,-1,-1,-1
23693,-1,-1,-1,-1,-1,-1,-1
23695,-1,-1,-1,-1,-1,-1,-1
23697,-1,-1,-1,-1,-1,-1,-1
23699,-1,-1,-1,-1,-1,-1,-1
23701,-1,-1,-1,-1,-1,-1,-1
23703,-1,-1,-1,-1,-1,-1,-1
23705,-1,-1,-1,-1,-1,-1,-1
23707,-1,-1,-1,-1,-1,-1,-1
23709,-1,-1,-1,-1,-1,-1,-1
23711,-1,-1,-1,-1,-1,-1,-1
23713,-1,-1,-1,-1,-1,-1,-1
23715,-1,-1,-1,-1,-1,-1,-1
23717,-1,-1,-1,-1,-1,-1,-1
23719,-1,-1,-1,-1,-1,-1,-1
23721,-1,-1,-1,-1,-1,-1,-1
23723,-1,-1,-1,-1,-1,-1,-1
23725,-1,-1,-1,-1,-1,-1,-1
23727,-1,-1,-1,-1,-1,-1,-1
24979,-1,-1,-1,-1,-1,-1,-1
24981,-1,-1,-1,-1,-1,-1,-1
24983,-1,-1,-1,-1,-1,-1,-1
24985,-1,-1,-1,-1,-1,-1,-1
24987,-1,-1,-1,-1,-1,-1,-1
24989,-1,-1,-1,-1,-1,-1,-1
24991,-1,-1,-1,-1,-1,-1,-1
24993,-1,-1,-1,-1,-1,-1,-1
24995,-1,-1,-1,-1,-1,-1,-1
24997,-1,-1,-1,-1,-1,-1,-1
24999,-1,-1,-1,-1,-1,-1,-1
25001,-1,-1,-1,-1,-1,-1,-1
25003,-1,-1,-1,-1,-1,-1,-1
25005,-1,-1,-1,-1,-1,-1,-1
25007,-1,-1,-1,-1,-1,-1,-1
25009,-1,-1,-1,-1,-1,-1,-1
25011,-1,-1,-1,-1,-1,-1,-1
25013,-1,-1,-1,-1,-1,-1,-1
25015,-1,-1,-1,-1,-1,-1,-1
25017,-1,-1,-1,-1,-1,-1,-1
25019,-1,-1,-1,-1,-1,-1,-1
25021,-1,-1,-1,-1,-1,-1,-1
25023,-1,-1,-1,-1,-1,-1,-1
25025,-1,-1,-1,-1,-1,-1,-1
25027,-1,-1,-1,-1,-1,-1,-1
25029,-1,-1,-1,-1,-1,-1,-1
25031,-1,-1,-1,-1,-1,-1,-1
25033,-1,-1,-1,-1,-1,-1,-1
25035,-1,-1,-1,-1,-1,-1,-1
25037,-1,-1,-1,-1,-1,-1,-1
25039,-1,-1,-1,-1,-1,-1,-1
25041,-1,-1,-1,-1,-1,-1,-1
25043,-1,-1,-1,-1,-1,-1,-1
25045,-1,-1,-1,-1,-1,-1,-1
25047,-1,-1,-1,-1,-1,-1,-1
25049,-1,-1,-1,-1,-1,-1,-1
25051,-1,-1,-1,-1,-1,-1,-1
25053,-1,-1,-1,-1,-1,-1,-1
25055,-1,-1,-1,-1,-1,-1,-1
25057,-1,-1,-1,-1,-1,-1,-1
25059,-1,-1,-1,-1,-1,-1,-1
25061,-1,-1,-1,-1,-1,-1,-1
25063,-1,-1,-1,-1,-1,-1,-1
25065,-1,-1,-1,-1,-1,-1,-1
25067,-1,-1,-1,-1,-1,-1,-1
25069,-1,-1,-1,-1,-1,-1,-1
25071,-1,-1,-1,-1,-1,-1,-1
25073,-1,-1,-1,-1,-1,-1,-1
25075,-1,-1,-1,-1,-1,-1,-1
25077,-1,-1,-1,-1,-1,-1,-1
25079,-1,-1,-1,-1,-1,-1,-1
25081,-1,-1,-1,-1,-1,-1,-1
25083,-1,-1,-1,-1,-1,-1,-1
25085,-1,-1,-1,-1,-1,-1,-1
25087,-1,-1,-1,-1,-1,-1,-1
25089,-1,-1,-1,-1,-1,-1,-1
25091,-1,-1,-1,-1,-1,-1,-1
25093,-1,-1,-1,-1,-1,-1,-1
25095,-1,-1,-1,-1,-1,-1,-1
25097,-1,-1,-1,-1,-1,-1,-1
25099,-1,-1,-1,-1,-1,-1,-1
25101,-1,-1,-1,-1,-1,-1,-1
25103,-1,-1,-1,-1,-1,-1,-1
25105,-1,-1,-1,-1,-1,-1,-1
25107,-1,-1,-1,-1,-1,-1,-1
25109,-1,-1,-1,-1,-1,-1,-1
25111,-1,-1,-1,-1,-1,-1,-1
25113,-1,-1,-1,-1,-1,-1,-1
25115,-1,-1,-1,-1,-1,-1,-1
25117,-1,-1,-1,-1,-1,-1,-1
25119,-1,-1,-1,-1,-1,-1,-1
25121,-1,-1,-1,-1,-1,-1,-1
25123,-1,-1,-1,-1,-1,-1,-1
25125,-1,-1,-1,-1,-1,-1,-1
25127,-1,-1,-1,-1,-1,-1,-1
25129,-1,-1,-1,-1,-1,-1,-1
25131,-1,-1,-1,-1,-1,-1,-1
25133,-1,-1,-1,-1,-1,-1,-1
25135,-1,-1,-1,-1,-1,-1,-1
25137,-1,-1,-1,-1,-1,-1,-1
25139,-1,-1,-1,-1,-1,-1,-1
25141,-1,-1,-1,-1,-1,-1,-1
25143,-1,-1,-1,-1,-1,-1,-1
25145,-1,-1,-1,-1,-1,-1,-1
25147,-1,-1,-1,-1,-1,-1,-1
25149,-1,-1,-1,-1,-1,-1,-1
25151,-1,-1,-1,-1,-1,-1,-1
25153,-1,-1,-1,-1,-1,-1,-1
25155,-1,-1,-1,-1,-1,-1,-1
25157,-1,-1,-1,-1,-1,-1,-1
25159,-1,-1,-1,-1,-1,-1,-1
25161,-1,-1,-1,-1,-1,-1,-1
25163,-1,-1,-1,-1,-1,-1,-1
25165,-1,-1,-1,-1,-1,-1,-1
25167,-1,-1,-1,-1,-1,-1,-1
25169,-1,-1,-1,-1,-1,-1,-1
25171,-1,-1,-1,-1,-1,-1,-1
25173,-1,-1,-1,-1,-1,-1,-1
25175,-1,-1,-1,-1,-1,-1,-1
25177,-1,-1,-1,-1,-1,-1,-1
25179,-1,-1,-1,-1,-1,-1,-1
25181,-1,-1,-1,-1,-1,-1,-1
25183,-1,-1,-1,-1,-1,-1,-1
25185,-1,-1,-1,-1,-1,-1,-1
25187,-1,-1,-1,-1,-1,-1,-1
25189,-1,-1,-1,-1,-1,-1,-1
25191,-1,-1,-1,-1,-1,-1,-1
25193,-1,-1,-1,-1,-1,-1,-1
25195,-1,-1,-1,-1,-1,-1,-1
25197,-1,-1,-1,-1,-1,-1,-1
25199,-1,-1,-1,-1,-1,-1,-1
25201,-1,-1,-1,-1,-1,-1,-1
25203,-1,-1,-1,-1,-1,-1,-1
25205,-1,-1,-1,-1,-1,-1,-1
25207,-1,-1,-1,-1,-1,-1,-1
25209,-1,-1,-1,-1,-1,-1,-1
25211,-1,-1,-1,-1,-1,-1,-1
25213,-1,-1,-1,-1,-1,-1,-1
25215,-1,-1,-1,-1,-1,-1,-1
25217,-1,-1,-1,-1,-1,-1,-1
25219,-1,-1,-1,-1,-1,-1,-1
25221,-1,-1,-1,-1,-1,-1,-1
25223,-1,-1,-1,-1,-1,-1,-1
25225,-1,-1,-1,-1,-1,-1,-1
25227,-1,-1,-1,-1,-1,-1,-1
25229,-1,-1,-1,-1,-1,-1,-1
25231,-1,-1,-1,-1,-1,-1,-1
25233,-1,-1,-1,-1,-1,-1,-1
25235,-1,-1,-1,-1,-1,-1,-1
25237,-1,-1,-1,-1,-1,-1,-1
25239,-1,-1,-1,-1,-1,-1,-1
25241,-1,-1,-1,-1,-1,-1,-1
25243,-1,-1,-1,-1,-1,-1,-1
25245,-1,-1,-1,-1,-1,-1,-1
25247,-1,-1,-1,-1,-1,-1,-1
25249,-1,-1,-1,-1,-1,-1,-1
25251,-1,-1,-1,-1,-1,-1,-1
25253,-1,-1,-1,-1,-1,-1,-1
25255,-1,-1,-1,-1,-1,-1,-1
25257,-1,-1,-1,-1,-1,-1,-1
25259,-1,-1,-1,-1,-1,-1,-1
25261,-1,-1,-1,-1,-1,-1,-1
25263,-1,-1,-1,-1,-1,-1,-1
25265,-1,-1,-1,-1,-1,-1,-1
25267,-1,-1,-1,-1,-1,-1,-1
25269,-1,-1,-1,-1,-1,-1,-1
25271,-1,-1,-1,-1,-1,-1,-1
25273,-1,-1,-1,-1,-1,-1,-1
25275,-1,-1,-1,-1,-1,-1,-1
25277,-1,-1,-1,-1,-1,-1,-1
25279,-1,-1,-1,-1,-1,-1,-1
25281,-1,-1,-1,-1,-1,-1,-1
25283,-1,-1,-1,-1,-1,-1,-1
25285,-1,-1,-1,-1,-1,-1,-1
25287,-1,-1,-1,-1,-1,-1,-1
25289,-1,-1,-1,-1,-1,-1,-1
25291,-1,-1,-1,-1,-1,-1,-1
25293,-1,-1,-1,-1,-1,-1,-1
25295,-1,-1,-1,-1,-1,-1,-1
25297,-1,-1,-1,-1,-1,-1,-1
25299,-1,-1,-1,-1,-1,-1,-1
25301,-1,-1,-1,-1,-1,-1,-1
25303,-1,-1,-1,-1,-1,-1,-1
25305,-1,-1,-1,-1,-1,-1,-1
25307,-1,-1,-1,-1,-1,-1,-1
25309,-1,-1,-1,-1,-1,-1,-1
25311,-1,-1,-1,-1,-1,-1,-1
25313,-1,-1,-1,-1,-1,-1,-1
25315,-1,-1,-1,-1,-1,-1,-1
25317,-1,-1,-1,-1,-1,-1,-1
25319,-1,-1,-1,-1,-1,-1,-1
25321,-1,-1,-1,-1,-1,-1,-1
25323,-1,-1,-1,-1,-1,-1,-1
25325,-1,-1,-1,-1,-1,-1,-1
25327,-1,-1,-1,-1,-1,-1,-1
25329,-1,-1,-1,-1,-1,-1,-1
25331,-1,-1,-1,-1,-1,-1,-1
25333,-1,-1,-1,-1,-1,-1,-1
25335,-1,-1,-1,-1,-1,-1,-1
25337,-1,-1,-1,-1,-1,-1,-1
25339,-1,-1,-1,-1,-1,-1,-1
25341,-1,-1,-1,-1,-1,-1,-1
25343,-1,-1,-1,-1,-1,-1,-1
25345,-1,-1,-1,-1,-1,-1,-1
25347,-1,-1,-1,-1,-1,-1,-1
25349,-1,-1,-1,-1,-1,-1,-1
25351,-1,-1,-1,-1,-1,-1,-1
25353,-1,-1,-1,-1,-1,-1,-1
25355,-1,-1,-1,-1,-1,-1,-1
25357,-1,-1,-1,-1,-1,-1,-1
25359,-1,-1,-1,-1,-1,-1,-1
25361,-1,-1,-1,-1,-1,-1,-1
25363,-1,-1,-1,-1,-1,-1,-1
25365,-1,-1,-1,-1,-1,-1,-1
25367,-1,-1,-1,-1,-1,-1,-1
25369,-1,-1,-1,-1,-1,-1,-1
25371,-1,-1,-1,-1,-1,-1,-1
25373,-1,-1,-1,-1,-1,-1,-1
25375,-1,-1,-1,-1,-1,-1,-1
25377,-1,-1,-1,-1,-1,-1,-1
25379,-1,-1,-1,-1,-1,-1,-1
25381,-1,-1,-1,-1,-1,-1,-1
25383,-1,-1,-1,-1,-1,-1,-1
25385,-1,-1,-1,-1,-1,-1,-1
25541,-1,-1,-1,-1,-1,-1,-1
25543,-1,-1,-1,-1,-1,-1,-1
25545,-1,-1,-1,-1,-1,-1,-1
25547,-1,-1,-1,-1,-1,-1,-1
25549,-1,-1,-1,-1,-1,-1,-1
25551,-1,-1,-1,-1,-1,-1,-1
25553,-1,-1,-1,-1,-1,-1,-1
25555,-1,-1,-1,-1,-1,-1,-1
25557,-1,-1,-1,-1,-1,-1,-1
25559,-1,-1,-1,-1,-1,-1,-1
25561,-1,-1,-1,-1,-1,-1,-1
25563,-1,-1,-1,-1,-1,-1,-1
25565,-1,-1,-1,-1,-1,-1,-1
25567,-1,-1,-1,-1,-1,-1,-1
25569,-1,-1,-1,-1,-1,-1,-1
25571,-1,-1,-1,-1,-1,-1,-1
25573,-1,-1,-1,-1,-1,-1,-1
25575,-1,-1,-1,-1,-1,-1,-1
25577,-1,-1,-1,-1,-1,-1,-1
25579,-1,-1,-1,-1,-1,-1,-1
25581,-1,-1,-1,-1,-1,-1,-1
25583,-1,-1,-1,-1,-1,-1,-1
25585,-1,-1,-1,-1,-1,-1,-1
25587,-1,-1,-1,-1,-1,-1,-1
25589,-1,-1,-1,-1,-1,-1,-1
25591,-1,-1,-1,-1,-1,-1,-1
25593,-1,-1,-1,-1,-1,-1,-1
25595,-1,-1,-1,-1,-1,-1,-1
25597,-1,-1,-1,-1,-1,-1,-1
25599,-1,-1,-1,-1,-1,-1,-1
25601,-1,-1,-1,-1,-1,-1,-1
25603,-1,-1,-1,-1,-1,-1,-1
25605,-1,-1,-1,-1,-1,-1,-1
25607,-1,-1,-1,-1,-1,-1,-1
25609,-1,-1,-1,-1,-1,-1,-1
25611,-1,-1,-1,-1,-1,-1,-1
25613,-1,-1,-1,-1,-1,-1,-1
25615,-1,-1,-1,-1,-1,-1,-1
25617,-1,-1,-1,-1,-1,-1,-1
25619,-1,-1,-1,-1,-1,-1,-1
25621,-1,-1,-1,-1,-1,-1,-1
25623,-1,-1,-1,-1,-1,-1,-1
25625,-1,-1,-1,-1,-1,-1,-1
25627,-1,-1,-1,-1,-1,-1,-1
25629,-1,-1,-1,-1,-1,-1,-1
25631,-1,-1,-1,-1,-1,-1,-1
25633,-1,-1,-1,-1,-1,-1,-1
25635,-1,-1,-1,-1,-1,-1,-1
25637,-1,-1,-1,-1,-1,-1,-1
25639,-1,-1,-1,-1,-1,-1,-1
25641,-1,-1,-1,-1,-1,-1,-1
25643,-1,-1,-1,-1,-1,-1,-1
25645,-1,-1,-1,-1,-1,-1,-1
25647,-1,-1,-1,-1,-1,-1,-1
25649,-1,-1,-1,-1,-1,-1,-1
25651,-1,-1,-1,-1,-1,-1,-1
25653,-1,-1,-1,-1,-1,-1,-1
25655,-1,-1,-1,-1,-1,-1,-1
25657,-1,-1,-1,-1,-1,-1,-1
25659,-1,-1,-1,-1,-1,-1,-1
25661,-1,-1,-1,-1,-1,-1,-1
25663,-1,-1,-1,-1,-1,-1,-1
25665,-1,-1,-1,-1,-1,-1,-1
33815,-1,-1,-1,-1,-1,-1,-1
33817,-1,-1,-1,-1,-1,-1,-1
33819,-1,-1,-1,-1,-1,-1,-1
33821,-1,-1,-1,-1,-1,-1,-1
33823,-1,-1,-1,-1,-1,-1,-1
33825,-1,-1,-1,-1,-1,-1,-1
33827,-1,-1,-1,-1,-1,-1,-1
33829,-1,-1,-1,-1,-1,-1,-1
33831,-1,-1,-1,-1,-1,-1,-1
33833,-1,-1,-1,-1,-1,-1,-1
33835,-1,-1,-1,-1,-1,-1,-1
33837,-1,-1,-1,-1,-1,-1,-1
33839,-1,-1,-1,-1,-1,-1,-1
33841,-1,-1,-1,-1,-1,-1,-1
33843,-1,-1,-1,-1,-1,-1,-1
33845,-1,-1,-1,-1,-1,-1,-1
33847,-1,-1,-1,-1,-1,-1,-1
33849,-1,-1,-1,-1,-1,-1,-1
33851,-1,-1,-1,-1,-1,-1,-1
34959,-1,-1,-1,-1,-1,-1,-1
34961,-1,-1,-1,-1,-1,-1,-1
34963,-1,-1,-1,-1,-1,-1,-1
34965,-1,-1,-1,-1,-1,-1,-1
34967,-1,-1,-1,-1,-1,-1,-1
34969,-1,-1,-1,-1,-1,-1,-1
35023,-1,-1,-1,-1,-1,-1,-1
35025,-1,-1,-1,-1,-1,-1,-1
35027,-1,-1,-1,-1,-1,-1,-1
35029,-1,-1,-1,-1,-1,-1,-1
35031,-1,-1,-1,-1,-1,-1,-1
35033,-1,-1,-1,-1,-1,-1,-1
35035,-1,-1,-1,-1,-1,-1,-1
35037,-1,-1,-1,-1,-1,-1,-1
35039,-1,-1,-1,-1,-1,-1,-1
35041,-1,-1,-1,-1,-1,-1,-1
35043,-1,-1,-1,-1,-1,-1,-1
35045,-1,-1,-1,-1,-1,-1,-1
35047,-1,-1,-1,-1,-1,-1,-1
35049,-1,-1,-1,-1,-1,-1,-1
35051,-1,-1,-1,-1,-1,-1,-1
35053,-1,-1,-1,-1,-1,-1,-1
35055,-1,-1,-1,-1,-1,-1,-1
35057,-1,-1,-1,-1,-1,-1,-1
35059,-1,-1,-1,-1,-1,-1,-1
35061,-1,-1,-1,-1,-1,-1,-1
35063,-1,-1,-1,-1,-1,-1,-1
35065,-1,-1,-1,-1,-1,-1,-1
35067,-1,-1,-1,-1,-1,-1,-1
35069,-1,-1,-1,-1,-1,-1,-1
35071,-1,-1,-1,-1,-1,-1,-1
35073,-1,-1,-1,-1,-1,-1,-1
35075,-1,-1,-1,-1,-1,-1,-1
35077,-1,-1,-1,-1,-1,-1,-1
35079,-1,-1,-1,-1,-1,-1,-1
35081,-1,-1,-1,-1,-1,-1,-1
35083,-1,-1,-1,-1,-1,-1,-1
35085,-1,-1,-1,-1,-1,-1,-1
35087,-1,-1,-1,-1,-1,-1,-1
35089,-1,-1,-1,-1,-1,-1,-1
35091,-1,-1,-1,-1,-1,-1,-1
35093,-1,-1,-1,-1,-1,-1,-1
35095,-1,-1,-1,-1,-1,-1,-1
35097,-1,-1,-1,-1,-1,-1,-1
35099,-1,-1,-1,-1,-1,-1,-1
35101,-1,-1,-1,-1,-1,-1,-1
35103,-1,-1,-1,-1,-1,-1,-1
35105,-1,-1,-1,-1,-1,-1,-1
35107,-1,-1,-1,-1,-1,-1,-1
35109,-1,-1,-1,-1,-1,-1,-1
35111,-1,-1,-1,-1,-1,-1,-1
35113,-1,-1,-1,-1,-1,-1,-1
35115,-1,-1,-1,-1,-1,-1,-1
35117,-1,-1,-1,-1,-1,-1,-1
35119,-1,-1,-1,-1,-1,-1,-1
35121,-1,-1,-1,-1,-1,-1,-1
35123,-1,-1,-1,-1,-1,-1,-1
35125,-1,-1,-1,-1,-1,-1,-1
35127,-1,-1,-1,-1,-1,-1,-1
35129,-1,-1,-1,-1,-1,-1,-1
35131,-1,-1,-1,-1,-1,-1,-1
35133,-1,-1,-1,-1,-1,-1,-1
35135,-1,-1,-1,-1,-1,-1,-1
35137,-1,-1,-1,-1,-1,-1,-1
35139,-1,-1,-1,-1,-1,-1,-1
35141,-1,-1,-1,-1,-1,-1,-1
35143,-1,-1,-1,-1,-1,-1,-1
35145,-1,-1,-1,-1,-1,-1,-1
35147,-1,-1,-1,-1,-1,-1,-1
35149,-1,-1,-1,-1,-1,-1,-1
35151,-1,-1,-1,-1,-1,-1,-1
35153,-1,-1,-1,-1,-1,-1,-1
35155,-1,-1,-1,-1,-1,-1,-1
35157,-1,-1,-1,-1,-1,-1,-1
35159,-1,-1,-1,-1,-1,-1,-1
35161,-1,-1,-1,-1,-1,-1,-1
35163,-1,-1,-1,-1,-1,-1,-1
35165,-1,-1,-1,-1,-1,-1,-1
35167,-1,-1,-1,-1,-1,-1,-1
35169,-1,-1,-1,-1,-1,-1,-1
