JPGNumber,Race 0 Bubble 0,Race 0 Bubble 1,Race 0 Bubble 2,Race 0 Bubble 3,Race 0 Bubble 4,Race 0 Bubble 5,Race 0 Bubble 6,Race 0 Bubble 7
1,-1,-1,-1,-1,-1,-1,-1,-1
3,-1,-1,-1,-1,-1,-1,-1,-1
5,-1,-1,-1,-1,-1,-1,-1,-1
7,-1,-1,-1,-1,-1,-1,-1,-1
9,-1,-1,-1,-1,-1,-1,-1,-1
11,-1,-1,-1,-1,-1,-1,-1,-1
13,-1,-1,-1,-1,-1,-1,-1,-1
15,-1,-1,-1,-1,-1,-1,-1,-1
17,-1,-1,-1,-1,-1,-1,-1,-1
19,-1,-1,-1,-1,-1,-1,-1,-1
21,-1,-1,-1,-1,-1,-1,-1,-1
23,-1,-1,-1,-1,-1,-1,-1,-1
25,-1,-1,-1,-1,-1,-1,-1,-1
27,-1,-1,-1,-1,-1,-1,-1,-1
29,-1,-1,-1,-1,-1,-1,-1,-1
31,-1,-1,-1,-1,-1,-1,-1,-1
33,-1,-1,-1,-1,-1,-1,-1,-1
35,-1,-1,-1,-1,-1,-1,-1,-1
37,-1,-1,-1,-1,-1,-1,-1,-1
39,-1,-1,-1,-1,-1,-1,-1,-1
41,-1,-1,-1,-1,-1,-1,-1,-1
43,-1,-1,-1,-1,-1,-1,-1,-1
45,-1,-1,-1,-1,-1,-1,-1,-1
47,-1,-1,-1,-1,-1,-1,-1,-1
49,-1,-1,-1,-1,-1,-1,-1,-1
51,-1,-1,-1,-1,-1,-1,-1,-1
53,-1,-1,-1,-1,-1,-1,-1,-1
55,-1,-1,-1,-1,-1,-1,-1,-1
57,-1,-1,-1,-1,-1,-1,-1,-1
59,-1,-1,-1,-1,-1,-1,-1,-1
61,-1,-1,-1,-1,-1,-1,-1,-1
63,-1,-1,-1,-1,-1,-1,-1,-1
65,-1,-1,-1,-1,-1,-1,-1,-1
67,-1,-1,-1,-1,-1,-1,-1,-1
69,-1,-1,-1,-1,-1,-1,-1,-1
71,-1,-1,-1,-1,-1,-1,-1,-1
73,-1,-1,-1,-1,-1,-1,-1,-1
75,-1,-1,-1,-1,-1,-1,-1,-1
77,-1,-1,-1,-1,-1,-1,-1,-1
79,-1,-1,-1,-1,-1,-1,-1,-1
81,-1,-1,-1,-1,-1,-1,-1,-1
83,-1,-1,-1,-1,-1,-1,-1,-1
85,-1,-1,-1,-1,-1,-1,-1,-1
87,-1,-1,-1,-1,-1,-1,-1,-1
89,-1,-1,-1,-1,-1,-1,-1,-1
91,-1,-1,-1,-1,-1,-1,-1,-1
93,-1,-1,-1,-1,-1,-1,-1,-1
95,-1,-1,-1,-1,-1,-1,-1,-1
97,-1,-1,-1,-1,-1,-1,-1,-1
99,-1,-1,-1,-1,-1,-1,-1,-1
101,-1,-1,-1,-1,-1,-1,-1,-1
103,-1,-1,-1,-1,-1,-1,-1,-1
105,-1,-1,-1,-1,-1,-1,-1,-1
107,-1,-1,-1,-1,-1,-1,-1,-1
109,-1,-1,-1,-1,-1,-1,-1,-1
111,-1,-1,-1,-1,-1,-1,-1,-1
113,-1,-1,-1,-1,-1,-1,-1,-1
115,-1,-1,-1,-1,-1,-1,-1,-1
117,-1,-1,-1,-1,-1,-1,-1,-1
119,-1,-1,-1,-1,-1,-1,-1,-1
121,-1,-1,-1,-1,-1,-1,-1,-1
123,-1,-1,-1,-1,-1,-1,-1,-1
125,-1,-1,-1,-1,-1,-1,-1,-1
127,-1,-1,-1,-1,-1,-1,-1,-1
129,-1,-1,-1,-1,-1,-1,-1,-1
131,-1,-1,-1,-1,-1,-1,-1,-1
133,-1,-1,-1,-1,-1,-1,-1,-1
135,-1,-1,-1,-1,-1,-1,-1,-1
137,-1,-1,-1,-1,-1,-1,-1,-1
139,-1,-1,-1,-1,-1,-1,-1,-1
141,-1,-1,-1,-1,-1,-1,-1,-1
143,-1,-1,-1,-1,-1,-1,-1,-1
145,-1,-1,-1,-1,-1,-1,-1,-1
147,-1,-1,-1,-1,-1,-1,-1,-1
149,-1,-1,-1,-1,-1,-1,-1,-1
151,-1,-1,-1,-1,-1,-1,-1,-1
153,-1,-1,-1,-1,-1,-1,-1,-1
155,-1,-1,-1,-1,-1,-1,-1,-1
157,-1,-1,-1,-1,-1,-1,-1,-1
159,-1,-1,-1,-1,-1,-1,-1,-1
161,-1,-1,-1,-1,-1,-1,-1,-1
163,-1,-1,-1,-1,-1,-1,-1,-1
165,-1,-1,-1,-1,-1,-1,-1,-1
167,-1,-1,-1,-1,-1,-1,-1,-1
169,-1,-1,-1,-1,-1,-1,-1,-1
171,-1,-1,-1,-1,-1,-1,-1,-1
173,-1,-1,-1,-1,-1,-1,-1,-1
175,-1,-1,-1,-1,-1,-1,-1,-1
177,-1,-1,-1,-1,-1,-1,-1,-1
179,-1,-1,-1,-1,-1,-1,-1,-1
181,-1,-1,-1,-1,-1,-1,-1,-1
183,-1,-1,-1,-1,-1,-1,-1,-1
185,-1,-1,-1,-1,-1,-1,-1,-1
187,-1,-1,-1,-1,-1,-1,-1,-1
189,-1,-1,-1,-1,-1,-1,-1,-1
191,-1,-1,-1,-1,-1,-1,-1,-1
193,-1,-1,-1,-1,-1,-1,-1,-1
195,-1,-1,-1,-1,-1,-1,-1,-1
197,-1,-1,-1,-1,-1,-1,-1,-1
199,-1,-1,-1,-1,-1,-1,-1,-1
201,-1,-1,-1,-1,-1,-1,-1,-1
203,-1,-1,-1,-1,-1,-1,-1,-1
205,-1,-1,-1,-1,-1,-1,-1,-1
207,-1,-1,-1,-1,-1,-1,-1,-1
209,-1,-1,-1,-1,-1,-1,-1,-1
211,-1,-1,-1,-1,-1,-1,-1,-1
213,-1,-1,-1,-1,-1,-1,-1,-1
215,-1,-1,-1,-1,-1,-1,-1,-1
217,-1,-1,-1,-1,-1,-1,-1,-1
219,-1,-1,-1,-1,-1,-1,-1,-1
221,-1,-1,-1,-1,-1,-1,-1,-1
223,-1,-1,-1,-1,-1,-1,-1,-1
225,-1,-1,-1,-1,-1,-1,-1,-1
227,-1,-1,-1,-1,-1,-1,-1,-1
229,-1,-1,-1,-1,-1,-1,-1,-1
231,-1,-1,-1,-1,-1,-1,-1,-1
233,-1,-1,-1,-1,-1,-1,-1,-1
235,-1,-1,-1,-1,-1,-1,-1,-1
237,-1,-1,-1,-1,-1,-1,-1,-1
239,-1,-1,-1,-1,-1,-1,-1,-1
241,-1,-1,-1,-1,-1,-1,-1,-1
243,-1,-1,-1,-1,-1,-1,-1,-1
245,-1,-1,-1,-1,-1,-1,-1,-1
247,-1,-1,-1,-1,-1,-1,-1,-1
249,-1,-1,-1,-1,-1,-1,-1,-1
251,-1,-1,-1,-1,-1,-1,-1,-1
253,-1,-1,-1,-1,-1,-1,-1,-1
255,-1,-1,-1,-1,-1,-1,-1,-1
257,-1,-1,-1,-1,-1,-1,-1,-1
259,-1,-1,-1,-1,-1,-1,-1,-1
261,-1,-1,-1,-1,-1,-1,-1,-1
263,-1,-1,-1,-1,-1,-1,-1,-1
265,-1,-1,-1,-1,-1,-1,-1,-1
267,-1,-1,-1,-1,-1,-1,-1,-1
269,-1,-1,-1,-1,-1,-1,-1,-1
271,-1,-1,-1,-1,-1,-1,-1,-1
273,-1,-1,-1,-1,-1,-1,-1,-1
275,-1,-1,-1,-1,-1,-1,-1,-1
277,-1,-1,-1,-1,-1,-1,-1,-1
279,-1,-1,-1,-1,-1,-1,-1,-1
281,-1,-1,-1,-1,-1,-1,-1,-1
283,-1,-1,-1,-1,-1,-1,-1,-1
285,-1,-1,-1,-1,-1,-1,-1,-1
287,-1,-1,-1,-1,-1,-1,-1,-1
289,-1,-1,-1,-1,-1,-1,-1,-1
291,-1,-1,-1,-1,-1,-1,-1,-1
293,-1,-1,-1,-1,-1,-1,-1,-1
295,-1,-1,-1,-1,-1,-1,-1,-1
297,-1,-1,-1,-1,-1,-1,-1,-1
299,-1,-1,-1,-1,-1,-1,-1,-1
301,-1,-1,-1,-1,-1,-1,-1,-1
303,-1,-1,-1,-1,-1,-1,-1,-1
305,-1,-1,-1,-1,-1,-1,-1,-1
307,-1,-1,-1,-1,-1,-1,-1,-1
309,-1,-1,-1,-1,-1,-1,-1,-1
311,-1,-1,-1,-1,-1,-1,-1,-1
313,-1,-1,-1,-1,-1,-1,-1,-1
315,-1,-1,-1,-1,-1,-1,-1,-1
317,-1,-1,-1,-1,-1,-1,-1,-1
319,-1,-1,-1,-1,-1,-1,-1,-1
321,-1,-1,-1,-1,-1,-1,-1,-1
323,-1,-1,-1,-1,-1,-1,-1,-1
325,-1,-1,-1,-1,-1,-1,-1,-1
327,-1,-1,-1,-1,-1,-1,-1,-1
329,-1,-1,-1,-1,-1,-1,-1,-1
331,-1,-1,-1,-1,-1,-1,-1,-1
333,-1,-1,-1,-1,-1,-1,-1,-1
335,-1,-1,-1,-1,-1,-1,-1,-1
337,-1,-1,-1,-1,-1,-1,-1,-1
339,-1,-1,-1,-1,-1,-1,-1,-1
341,-1,-1,-1,-1,-1,-1,-1,-1
343,-1,-1,-1,-1,-1,-1,-1,-1
345,-1,-1,-1,-1,-1,-1,-1,-1
347,-1,-1,-1,-1,-1,-1,-1,-1
349,-1,-1,-1,-1,-1,-1,-1,-1
351,-1,-1,-1,-1,-1,-1,-1,-1
353,-1,-1,-1,-1,-1,-1,-1,-1
355,-1,-1,-1,-1,-1,-1,-1,-1
357,-1,-1,-1,-1,-1,-1,-1,-1
359,-1,-1,-1,-1,-1,-1,-1,-1
361,-1,-1,-1,-1,-1,-1,-1,-1
363,-1,-1,-1,-1,-1,-1,-1,-1
365,-1,-1,-1,-1,-1,-1,-1,-1
367,-1,-1,-1,-1,-1,-1,-1,-1
369,-1,-1,-1,-1,-1,-1,-1,-1
371,-1,-1,-1,-1,-1,-1,-1,-1
373,-1,-1,-1,-1,-1,-1,-1,-1
375,-1,-1,-1,-1,-1,-1,-1,-1
377,-1,-1,-1,-1,-1,-1,-1,-1
379,-1,-1,-1,-1,-1,-1,-1,-1
381,-1,-1,-1,-1,-1,-1,-1,-1
383,-1,-1,-1,-1,-1,-1,-1,-1
385,-1,-1,-1,-1,-1,-1,-1,-1
387,-1,-1,-1,-1,-1,-1,-1,-1
389,-1,-1,-1,-1,-1,-1,-1,-1
391,-1,-1,-1,-1,-1,-1,-1,-1
393,-1,-1,-1,-1,-1,-1,-1,-1
395,-1,-1,-1,-1,-1,-1,-1,-1
397,-1,-1,-1,-1,-1,-1,-1,-1
399,-1,-1,-1,-1,-1,-1,-1,-1
401,-1,-1,-1,-1,-1,-1,-1,-1
403,-1,-1,-1,-1,-1,-1,-1,-1
1087,-1,-1,-1,-1,-1,-1,-1,-1
1089,-1,-1,-1,-1,-1,-1,-1,-1
1091,-1,-1,-1,-1,-1,-1,-1,-1
1093,-1,-1,-1,-1,-1,-1,-1,-1
1095,-1,-1,-1,-1,-1,-1,-1,-1
1097,-1,-1,-1,-1,-1,-1,-1,-1
1099,-1,-1,-1,-1,-1,-1,-1,-1
1101,-1,-1,-1,-1,-1,-1,-1,-1
1103,-1,-1,-1,-1,-1,-1,-1,-1
1105,-1,-1,-1,-1,-1,-1,-1,-1
1107,-1,-1,-1,-1,-1,-1,-1,-1
1109,-1,-1,-1,-1,-1,-1,-1,-1
1111,-1,-1,-1,-1,-1,-1,-1,-1
1113,-1,-1,-1,-1,-1,-1,-1,-1
1115,-1,-1,-1,-1,-1,-1,-1,-1
1117,-1,-1,-1,-1,-1,-1,-1,-1
1119,-1,-1,-1,-1,-1,-1,-1,-1
1121,-1,-1,-1,-1,-1,-1,-1,-1
1123,-1,-1,-1,-1,-1,-1,-1,-1
1125,-1,-1,-1,-1,-1,-1,-1,-1
1127,-1,-1,-1,-1,-1,-1,-1,-1
1129,-1,-1,-1,-1,-1,-1,-1,-1
1131,-1,-1,-1,-1,-1,-1,-1,-1
1133,-1,-1,-1,-1,-1,-1,-1,-1
1135,-1,-1,-1,-1,-1,-1,-1,-1
1137,-1,-1,-1,-1,-1,-1,-1,-1
1139,-1,-1,-1,-1,-1,-1,-1,-1
1141,-1,-1,-1,-1,-1,-1,-1,-1
1143,-1,-1,-1,-1,-1,-1,-1,-1
1145,-1,-1,-1,-1,-1,-1,-1,-1
1147,-1,-1,-1,-1,-1,-1,-1,-1
1149,-1,-1,-1,-1,-1,-1,-1,-1
1151,-1,-1,-1,-1,-1,-1,-1,-1
1153,-1,-1,-1,-1,-1,-1,-1,-1
1155,-1,-1,-1,-1,-1,-1,-1,-1
1157,-1,-1,-1,-1,-1,-1,-1,-1
1159,-1,-1,-1,-1,-1,-1,-1,-1
1161,-1,-1,-1,-1,-1,-1,-1,-1
1163,-1,-1,-1,-1,-1,-1,-1,-1
1165,-1,-1,-1,-1,-1,-1,-1,-1
1167,-1,-1,-1,-1,-1,-1,-1,-1
1169,-1,-1,-1,-1,-1,-1,-1,-1
1171,-1,-1,-1,-1,-1,-1,-1,-1
1173,-1,-1,-1,-1,-1,-1,-1,-1
1175,-1,-1,-1,-1,-1,-1,-1,-1
1177,-1,-1,-1,-1,-1,-1,-1,-1
1179,-1,-1,-1,-1,-1,-1,-1,-1
1181,-1,-1,-1,-1,-1,-1,-1,-1
1183,-1,-1,-1,-1,-1,-1,-1,-1
1185,-1,-1,-1,-1,-1,-1,-1,-1
1187,-1,-1,-1,-1,-1,-1,-1,-1
1189,-1,-1,-1,-1,-1,-1,-1,-1
1191,-1,-1,-1,-1,-1,-1,-1,-1
1193,-1,-1,-1,-1,-1,-1,-1,-1
1195,-1,-1,-1,-1,-1,-1,-1,-1
1197,-1,-1,-1,-1,-1,-1,-1,-1
1199,-1,-1,-1,-1,-1,-1,-1,-1
1201,-1,-1,-1,-1,-1,-1,-1,-1
1203,-1,-1,-1,-1,-1,-1,-1,-1
1205,-1,-1,-1,-1,-1,-1,-1,-1
1207,-1,-1,-1,-1,-1,-1,-1,-1
1209,-1,-1,-1,-1,-1,-1,-1,-1
1211,-1,-1,-1,-1,-1,-1,-1,-1
1213,-1,-1,-1,-1,-1,-1,-1,-1
1215,-1,-1,-1,-1,-1,-1,-1,-1
1217,-1,-1,-1,-1,-1,-1,-1,-1
1219,-1,-1,-1,-1,-1,-1,-1,-1
1221,-1,-1,-1,-1,-1,-1,-1,-1
1223,-1,-1,-1,-1,-1,-1,-1,-1
1225,-1,-1,-1,-1,-1,-1,-1,-1
1227,-1,-1,-1,-1,-1,-1,-1,-1
1229,-1,-1,-1,-1,-1,-1,-1,-1
1231,-1,-1,-1,-1,-1,-1,-1,-1
1233,-1,-1,-1,-1,-1,-1,-1,-1
1235,-1,-1,-1,-1,-1,-1,-1,-1
1237,-1,-1,-1,-1,-1,-1,-1,-1
1239,-1,-1,-1,-1,-1,-1,-1,-1
1241,-1,-1,-1,-1,-1,-1,-1,-1
1243,-1,-1,-1,-1,-1,-1,-1,-1
1329,-1,-1,-1,-1,-1,-1,-1,-1
1331,-1,-1,-1,-1,-1,-1,-1,-1
1333,-1,-1,-1,-1,-1,-1,-1,-1
1335,-1,-1,-1,-1,-1,-1,-1,-1
1337,-1,-1,-1,-1,-1,-1,-1,-1
1339,-1,-1,-1,-1,-1,-1,-1,-1
1341,-1,-1,-1,-1,-1,-1,-1,-1
1343,-1,-1,-1,-1,-1,-1,-1,-1
1345,-1,-1,-1,-1,-1,-1,-1,-1
1347,-1,-1,-1,-1,-1,-1,-1,-1
1349,-1,-1,-1,-1,-1,-1,-1,-1
1351,-1,-1,-1,-1,-1,-1,-1,-1
1353,-1,-1,-1,-1,-1,-1,-1,-1
1355,-1,-1,-1,-1,-1,-1,-1,-1
1357,-1,-1,-1,-1,-1,-1,-1,-1
1359,-1,-1,-1,-1,-1,-1,-1,-1
1361,-1,-1,-1,-1,-1,-1,-1,-1
1363,-1,-1,-1,-1,-1,-1,-1,-1
1365,-1,-1,-1,-1,-1,-1,-1,-1
1367,-1,-1,-1,-1,-1,-1,-1,-1
1369,-1,-1,-1,-1,-1,-1,-1,-1
1371,-1,-1,-1,-1,-1,-1,-1,-1
1373,-1,-1,-1,-1,-1,-1,-1,-1
1375,-1,-1,-1,-1,-1,-1,-1,-1
1377,-1,-1,-1,-1,-1,-1,-1,-1
1379,-1,-1,-1,-1,-1,-1,-1,-1
1381,-1,-1,-1,-1,-1,-1,-1,-1
1383,-1,-1,-1,-1,-1,-1,-1,-1
1385,-1,-1,-1,-1,-1,-1,-1,-1
1387,-1,-1,-1,-1,-1,-1,-1,-1
1389,-1,-1,-1,-1,-1,-1,-1,-1
1391,-1,-1,-1,-1,-1,-1,-1,-1
1393,-1,-1,-1,-1,-1,-1,-1,-1
1395,-1,-1,-1,-1,-1,-1,-1,-1
1397,-1,-1,-1,-1,-1,-1,-1,-1
1399,-1,-1,-1,-1,-1,-1,-1,-1
1401,-1,-1,-1,-1,-1,-1,-1,-1
1403,-1,-1,-1,-1,-1,-1,-1,-1
1405,-1,-1,-1,-1,-1,-1,-1,-1
1407,-1,-1,-1,-1,-1,-1,-1,-1
1409,-1,-1,-1,-1,-1,-1,-1,-1
1411,-1,-1,-1,-1,-1,-1,-1,-1
1413,-1,-1,-1,-1,-1,-1,-1,-1
1415,-1,-1,-1,-1,-1,-1,-1,-1
1417,-1,-1,-1,-1,-1,-1,-1,-1
1419,-1,-1,-1,-1,-1,-1,-1,-1
1421,-1,-1,-1,-1,-1,-1,-1,-1
1423,-1,-1,-1,-1,-1,-1,-1,-1
1425,-1,-1,-1,-1,-1,-1,-1,-1
1427,-1,-1,-1,-1,-1,-1,-1,-1
1429,-1,-1,-1,-1,-1,-1,-1,-1
1431,-1,-1,-1,-1,-1,-1,-1,-1
1433,-1,-1,-1,-1,-1,-1,-1,-1
1435,-1,-1,-1,-1,-1,-1,-1,-1
1437,-1,-1,-1,-1,-1,-1,-1,-1
1439,-1,-1,-1,-1,-1,-1,-1,-1
1441,-1,-1,-1,-1,-1,-1,-1,-1
1443,-1,-1,-1,-1,-1,-1,-1,-1
1445,-1,-1,-1,-1,-1,-1,-1,-1
1447,-1,-1,-1,-1,-1,-1,-1,-1
1449,-1,-1,-1,-1,-1,-1,-1,-1
1451,-1,-1,-1,-1,-1,-1,-1,-1
1453,-1,-1,-1,-1,-1,-1,-1,-1
1455,-1,-1,-1,-1,-1,-1,-1,-1
1457,-1,-1,-1,-1,-1,-1,-1,-1
1459,-1,-1,-1,-1,-1,-1,-1,-1
1461,-1,-1,-1,-1,-1,-1,-1,-1
1463,-1,-1,-1,-1,-1,-1,-1,-1
1465,-1,-1,-1,-1,-1,-1,-1,-1
1467,-1,-1,-1,-1,-1,-1,-1,-1
1469,-1,-1,-1,-1,-1,-1,-1,-1
1471,-1,-1,-1,-1,-1,-1,-1,-1
1473,-1,-1,-1,-1,-1,-1,-1,-1
1475,-1,-1,-1,-1,-1,-1,-1,-1
1477,-1,-1,-1,-1,-1,-1,-1,-1
1479,-1,-1,-1,-1,-1,-1,-1,-1
1481,-1,-1,-1,-1,-1,-1,-1,-1
1483,-1,-1,-1,-1,-1,-1,-1,-1
1485,-1,-1,-1,-1,-1,-1,-1,-1
1487,-1,-1,-1,-1,-1,-1,-1,-1
1489,-1,-1,-1,-1,-1,-1,-1,-1
1491,-1,-1,-1,-1,-1,-1,-1,-1
1493,-1,-1,-1,-1,-1,-1,-1,-1
1495,-1,-1,-1,-1,-1,-1,-1,-1
1497,-1,-1,-1,-1,-1,-1,-1,-1
1499,-1,-1,-1,-1,-1,-1,-1,-1
1501,-1,-1,-1,-1,-1,-1,-1,-1
1503,-1,-1,-1,-1,-1,-1,-1,-1
1505,-1,-1,-1,-1,-1,-1,-1,-1
1507,-1,-1,-1,-1,-1,-1,-1,-1
1509,-1,-1,-1,-1,-1,-1,-1,-1
1511,-1,-1,-1,-1,-1,-1,-1,-1
1513,-1,-1,-1,-1,-1,-1,-1,-1
1515,-1,-1,-1,-1,-1,-1,-1,-1
1517,-1,-1,-1,-1,-1,-1,-1,-1
1519,-1,-1,-1,-1,-1,-1,-1,-1
1521,-1,-1,-1,-1,-1,-1,-1,-1
1523,-1,-1,-1,-1,-1,-1,-1,-1
1525,-1,-1,-1,-1,-1,-1,-1,-1
1527,-1,-1,-1,-1,-1,-1,-1,-1
1529,-1,-1,-1,-1,-1,-1,-1,-1
1531,-1,-1,-1,-1,-1,-1,-1,-1
1533,-1,-1,-1,-1,-1,-1,-1,-1
1535,-1,-1,-1,-1,-1,-1,-1,-1
1537,-1,-1,-1,-1,-1,-1,-1,-1
1539,-1,-1,-1,-1,-1,-1,-1,-1
1541,-1,-1,-1,-1,-1,-1,-1,-1
1543,-1,-1,-1,-1,-1,-1,-1,-1
1545,-1,-1,-1,-1,-1,-1,-1,-1
1547,-1,-1,-1,-1,-1,-1,-1,-1
1549,-1,-1,-1,-1,-1,-1,-1,-1
1551,-1,-1,-1,-1,-1,-1,-1,-1
1553,-1,-1,-1,-1,-1,-1,-1,-1
1555,-1,-1,-1,-1,-1,-1,-1,-1
1557,-1,-1,-1,-1,-1,-1,-1,-1
1559,-1,-1,-1,-1,-1,-1,-1,-1
1561,-1,-1,-1,-1,-1,-1,-1,-1
1563,-1,-1,-1,-1,-1,-1,-1,-1
1565,-1,-1,-1,-1,-1,-1,-1,-1
1567,-1,-1,-1,-1,-1,-1,-1,-1
1569,-1,-1,-1,-1,-1,-1,-1,-1
1571,-1,-1,-1,-1,-1,-1,-1,-1
1573,-1,-1,-1,-1,-1,-1,-1,-1
1575,-1,-1,-1,-1,-1,-1,-1,-1
1577,-1,-1,-1,-1,-1,-1,-1,-1
1579,-1,-1,-1,-1,-1,-1,-1,-1
1581,-1,-1,-1,-1,-1,-1,-1,-1
1583,-1,-1,-1,-1,-1,-1,-1,-1
1585,-1,-1,-1,-1,-1,-1,-1,-1
1587,-1,-1,-1,-1,-1,-1,-1,-1
1589,-1,-1,-1,-1,-1,-1,-1,-1
1591,-1,-1,-1,-1,-1,-1,-1,-1
1593,-1,-1,-1,-1,-1,-1,-1,-1
1595,-1,-1,-1,-1,-1,-1,-1,-1
1597,-1,-1,-1,-1,-1,-1,-1,-1
1599,-1,-1,-1,-1,-1,-1,-1,-1
1601,-1,-1,-1,-1,-1,-1,-1,-1
5607,-1,-1,-1,-1,-1,-1,-1,-1
5609,-1,-1,-1,-1,-1,-1,-1,-1
5611,-1,-1,-1,-1,-1,-1,-1,-1
5613,-1,-1,-1,-1,-1,-1,-1,-1
5615,-1,-1,-1,-1,-1,-1,-1,-1
5617,-1,-1,-1,-1,-1,-1,-1,-1
5619,-1,-1,-1,-1,-1,-1,-1,-1
5621,-1,-1,-1,-1,-1,-1,-1,-1
5623,-1,-1,-1,-1,-1,-1,-1,-1
5625,-1,-1,-1,-1,-1,-1,-1,-1
5627,-1,-1,-1,-1,-1,-1,-1,-1
5629,-1,-1,-1,-1,-1,-1,-1,-1
5631,-1,-1,-1,-1,-1,-1,-1,-1
5633,-1,-1,-1,-1,-1,-1,-1,-1
5635,-1,-1,-1,-1,-1,-1,-1,-1
5637,-1,-1,-1,-1,-1,-1,-1,-1
5639,-1,-1,-1,-1,-1,-1,-1,-1
5641,-1,-1,-1,-1,-1,-1,-1,-1
5643,-1,-1,-1,-1,-1,-1,-1,-1
5645,-1,-1,-1,-1,-1,-1,-1,-1
5647,-1,-1,-1,-1,-1,-1,-1,-1
5649,-1,-1,-1,-1,-1,-1,-1,-1
5651,-1,-1,-1,-1,-1,-1,-1,-1
5653,-1,-1,-1,-1,-1,-1,-1,-1
5655,-1,-1,-1,-1,-1,-1,-1,-1
5657,-1,-1,-1,-1,-1,-1,-1,-1
5659,-1,-1,-1,-1,-1,-1,-1,-1
5661,-1,-1,-1,-1,-1,-1,-1,-1
5663,-1,-1,-1,-1,-1,-1,-1,-1
5665,-1,-1,-1,-1,-1,-1,-1,-1
5667,-1,-1,-1,-1,-1,-1,-1,-1
5669,-1,-1,-1,-1,-1,-1,-1,-1
5671,-1,-1,-1,-1,-1,-1,-1,-1
5673,-1,-1,-1,-1,-1,-1,-1,-1
5675,-1,-1,-1,-1,-1,-1,-1,-1
5677,-1,-1,-1,-1,-1,-1,-1,-1
5679,-1,-1,-1,-1,-1,-1,-1,-1
5681,-1,-1,-1,-1,-1,-1,-1,-1
5683,-1,-1,-1,-1,-1,-1,-1,-1
5685,-1,-1,-1,-1,-1,-1,-1,-1
5687,-1,-1,-1,-1,-1,-1,-1,-1
5689,-1,-1,-1,-1,-1,-1,-1,-1
5691,-1,-1,-1,-1,-1,-1,-1,-1
5693,-1,-1,-1,-1,-1,-1,-1,-1
5695,-1,-1,-1,-1,-1,-1,-1,-1
5697,-1,-1,-1,-1,-1,-1,-1,-1
5699,-1,-1,-1,-1,-1,-1,-1,-1
5701,-1,-1,-1,-1,-1,-1,-1,-1
5703,-1,-1,-1,-1,-1,-1,-1,-1
5705,-1,-1,-1,-1,-1,-1,-1,-1
5707,-1,-1,-1,-1,-1,-1,-1,-1
5709,-1,-1,-1,-1,-1,-1,-1,-1
5711,-1,-1,-1,-1,-1,-1,-1,-1
5713,-1,-1,-1,-1,-1,-1,-1,-1
5715,-1,-1,-1,-1,-1,-1,-1,-1
5717,-1,-1,-1,-1,-1,-1,-1,-1
5719,-1,-1,-1,-1,-1,-1,-1,-1
5721,-1,-1,-1,-1,-1,-1,-1,-1
5723,-1,-1,-1,-1,-1,-1,-1,-1
5725,-1,-1,-1,-1,-1,-1,-1,-1
5727,-1,-1,-1,-1,-1,-1,-1,-1
5729,-1,-1,-1,-1,-1,-1,-1,-1
5731,-1,-1,-1,-1,-1,-1,-1,-1
5733,-1,-1,-1,-1,-1,-1,-1,-1
5735,-1,-1,-1,-1,-1,-1,-1,-1
5737,-1,-1,-1,-1,-1,-1,-1,-1
5739,-1,-1,-1,-1,-1,-1,-1,-1
5741,-1,-1,-1,-1,-1,-1,-1,-1
5743,-1,-1,-1,-1,-1,-1,-1,-1
5745,-1,-1,-1,-1,-1,-1,-1,-1
5747,-1,-1,-1,-1,-1,-1,-1,-1
5749,-1,-1,-1,-1,-1,-1,-1,-1
5751,-1,-1,-1,-1,-1,-1,-1,-1
5753,-1,-1,-1,-1,-1,-1,-1,-1
5755,-1,-1,-1,-1,-1,-1,-1,-1
5757,-1,-1,-1,-1,-1,-1,-1,-1
5759,-1,-1,-1,-1,-1,-1,-1,-1
5761,-1,-1,-1,-1,-1,-1,-1,-1
5763,-1,-1,-1,-1,-1,-1,-1,-1
5765,-1,-1,-1,-1,-1,-1,-1,-1
5767,-1,-1,-1,-1,-1,-1,-1,-1
5769,-1,-1,-1,-1,-1,-1,-1,-1
5771,-1,-1,-1,-1,-1,-1,-1,-1
5773,-1,-1,-1,-1,-1,-1,-1,-1
5775,-1,-1,-1,-1,-1,-1,-1,-1
5777,-1,-1,-1,-1,-1,-1,-1,-1
5779,-1,-1,-1,-1,-1,-1,-1,-1
5781,-1,-1,-1,-1,-1,-1,-1,-1
5783,-1,-1,-1,-1,-1,-1,-1,-1
5785,-1,-1,-1,-1,-1,-1,-1,-1
5787,-1,-1,-1,-1,-1,-1,-1,-1
5789,-1,-1,-1,-1,-1,-1,-1,-1
5791,-1,-1,-1,-1,-1,-1,-1,-1
5793,-1,-1,-1,-1,-1,-1,-1,-1
5795,-1,-1,-1,-1,-1,-1,-1,-1
5797,-1,-1,-1,-1,-1,-1,-1,-1
5799,-1,-1,-1,-1,-1,-1,-1,-1
5801,-1,-1,-1,-1,-1,-1,-1,-1
5803,-1,-1,-1,-1,-1,-1,-1,-1
5805,-1,-1,-1,-1,-1,-1,-1,-1
5807,-1,-1,-1,-1,-1,-1,-1,-1
5809,-1,-1,-1,-1,-1,-1,-1,-1
5811,-1,-1,-1,-1,-1,-1,-1,-1
5813,-1,-1,-1,-1,-1,-1,-1,-1
5815,-1,-1,-1,-1,-1,-1,-1,-1
5817,-1,-1,-1,-1,-1,-1,-1,-1
5819,-1,-1,-1,-1,-1,-1,-1,-1
5821,-1,-1,-1,-1,-1,-1,-1,-1
5823,-1,-1,-1,-1,-1,-1,-1,-1
5825,-1,-1,-1,-1,-1,-1,-1,-1
5827,-1,-1,-1,-1,-1,-1,-1,-1
5829,-1,-1,-1,-1,-1,-1,-1,-1
5831,-1,-1,-1,-1,-1,-1,-1,-1
5833,-1,-1,-1,-1,-1,-1,-1,-1
5835,-1,-1,-1,-1,-1,-1,-1,-1
5837,-1,-1,-1,-1,-1,-1,-1,-1
5839,-1,-1,-1,-1,-1,-1,-1,-1
5841,-1,-1,-1,-1,-1,-1,-1,-1
5843,-1,-1,-1,-1,-1,-1,-1,-1
5845,-1,-1,-1,-1,-1,-1,-1,-1
5847,-1,-1,-1,-1,-1,-1,-1,-1
5849,-1,-1,-1,-1,-1,-1,-1,-1
5851,-1,-1,-1,-1,-1,-1,-1,-1
5853,-1,-1,-1,-1,-1,-1,-1,-1
5855,-1,-1,-1,-1,-1,-1,-1,-1
5857,-1,-1,-1,-1,-1,-1,-1,-1
5859,-1,-1,-1,-1,-1,-1,-1,-1
5861,-1,-1,-1,-1,-1,-1,-1,-1
5863,-1,-1,-1,-1,-1,-1,-1,-1
5865,-1,-1,-1,-1,-1,-1,-1,-1
5867,-1,-1,-1,-1,-1,-1,-1,-1
5869,-1,-1,-1,-1,-1,-1,-1,-1
5871,-1,-1,-1,-1,-1,-1,-1,-1
5873,-1,-1,-1,-1,-1,-1,-1,-1
5875,-1,-1,-1,-1,-1,-1,-1,-1
5877,-1,-1,-1,-1,-1,-1,-1,-1
5879,-1,-1,-1,-1,-1,-1,-1,-1
5881,-1,-1,-1,-1,-1,-1,-1,-1
5883,-1,-1,-1,-1,-1,-1,-1,-1
5885,-1,-1,-1,-1,-1,-1,-1,-1
5887,-1,-1,-1,-1,-1,-1,-1,-1
5889,-1,-1,-1,-1,-1,-1,-1,-1
5891,-1,-1,-1,-1,-1,-1,-1,-1
5893,-1,-1,-1,-1,-1,-1,-1,-1
5895,-1,-1,-1,-1,-1,-1,-1,-1
5897,-1,-1,-1,-1,-1,-1,-1,-1
5899,-1,-1,-1,-1,-1,-1,-1,-1
5901,-1,-1,-1,-1,-1,-1,-1,-1
5903,-1,-1,-1,-1,-1,-1,-1,-1
5905,-1,-1,-1,-1,-1,-1,-1,-1
5907,-1,-1,-1,-1,-1,-1,-1,-1
5909,-1,-1,-1,-1,-1,-1,-1,-1
5911,-1,-1,-1,-1,-1,-1,-1,-1
5913,-1,-1,-1,-1,-1,-1,-1,-1
5915,-1,-1,-1,-1,-1,-1,-1,-1
5917,-1,-1,-1,-1,-1,-1,-1,-1
5919,-1,-1,-1,-1,-1,-1,-1,-1
5921,-1,-1,-1,-1,-1,-1,-1,-1
5923,-1,-1,-1,-1,-1,-1,-1,-1
5925,-1,-1,-1,-1,-1,-1,-1,-1
5927,-1,-1,-1,-1,-1,-1,-1,-1
5929,-1,-1,-1,-1,-1,-1,-1,-1
5931,-1,-1,-1,-1,-1,-1,-1,-1
5933,-1,-1,-1,-1,-1,-1,-1,-1
5935,-1,-1,-1,-1,-1,-1,-1,-1
5937,-1,-1,-1,-1,-1,-1,-1,-1
5939,-1,-1,-1,-1,-1,-1,-1,-1
5941,-1,-1,-1,-1,-1,-1,-1,-1
5943,-1,-1,-1,-1,-1,-1,-1,-1
5945,-1,-1,-1,-1,-1,-1,-1,-1
5947,-1,-1,-1,-1,-1,-1,-1,-1
5949,-1,-1,-1,-1,-1,-1,-1,-1
5981,-1,-1,-1,-1,-1,-1,-1,-1
12447,-1,-1,-1,-1,-1,-1,-1,-1
12449,-1,-1,-1,-1,-1,-1,-1,-1
12451,-1,-1,-1,-1,-1,-1,-1,-1
12453,-1,-1,-1,-1,-1,-1,-1,-1
12455,-1,-1,-1,-1,-1,-1,-1,-1
12457,-1,-1,-1,-1,-1,-1,-1,-1
12459,-1,-1,-1,-1,-1,-1,-1,-1
12461,-1,-1,-1,-1,-1,-1,-1,-1
12463,-1,-1,-1,-1,-1,-1,-1,-1
12465,-1,-1,-1,-1,-1,-1,-1,-1
12467,-1,-1,-1,-1,-1,-1,-1,-1
12469,-1,-1,-1,-1,-1,-1,-1,-1
12471,-1,-1,-1,-1,-1,-1,-1,-1
12473,-1,-1,-1,-1,-1,-1,-1,-1
12475,-1,-1,-1,-1,-1,-1,-1,-1
12477,-1,-1,-1,-1,-1,-1,-1,-1
12479,-1,-1,-1,-1,-1,-1,-1,-1
12481,-1,-1,-1,-1,-1,-1,-1,-1
12483,-1,-1,-1,-1,-1,-1,-1,-1
12485,-1,-1,-1,-1,-1,-1,-1,-1
12487,-1,-1,-1,-1,-1,-1,-1,-1
12489,-1,-1,-1,-1,-1,-1,-1,-1
12491,-1,-1,-1,-1,-1,-1,-1,-1
12493,-1,-1,-1,-1,-1,-1,-1,-1
12495,-1,-1,-1,-1,-1,-1,-1,-1
12497,-1,-1,-1,-1,-1,-1,-1,-1
12499,-1,-1,-1,-1,-1,-1,-1,-1
12501,-1,-1,-1,-1,-1,-1,-1,-1
12503,-1,-1,-1,-1,-1,-1,-1,-1
12505,-1,-1,-1,-1,-1,-1,-1,-1
12507,-1,-1,-1,-1,-1,-1,-1,-1
12509,-1,-1,-1,-1,-1,-1,-1,-1
12511,-1,-1,-1,-1,-1,-1,-1,-1
12513,-1,-1,-1,-1,-1,-1,-1,-1
12515,-1,-1,-1,-1,-1,-1,-1,-1
12517,-1,-1,-1,-1,-1,-1,-1,-1
12519,-1,-1,-1,-1,-1,-1,-1,-1
12521,-1,-1,-1,-1,-1,-1,-1,-1
12523,-1,-1,-1,-1,-1,-1,-1,-1
12525,-1,-1,-1,-1,-1,-1,-1,-1
12527,-1,-1,-1,-1,-1,-1,-1,-1
12529,-1,-1,-1,-1,-1,-1,-1,-1
12531,-1,-1,-1,-1,-1,-1,-1,-1
12533,-1,-1,-1,-1,-1,-1,-1,-1
12535,-1,-1,-1,-1,-1,-1,-1,-1
12537,-1,-1,-1,-1,-1,-1,-1,-1
12539,-1,-1,-1,-1,-1,-1,-1,-1
12541,-1,-1,-1,-1,-1,-1,-1,-1
12543,-1,-1,-1,-1,-1,-1,-1,-1
12545,-1,-1,-1,-1,-1,-1,-1,-1
12547,-1,-1,-1,-1,-1,-1,-1,-1
12549,-1,-1,-1,-1,-1,-1,-1,-1
12551,-1,-1,-1,-1,-1,-1,-1,-1
12553,-1,-1,-1,-1,-1,-1,-1,-1
12555,-1,-1,-1,-1,-1,-1,-1,-1
12557,-1,-1,-1,-1,-1,-1,-1,-1
12559,-1,-1,-1,-1,-1,-1,-1,-1
12561,-1,-1,-1,-1,-1,-1,-1,-1
12563,-1,-1,-1,-1,-1,-1,-1,-1
12565,-1,-1,-1,-1,-1,-1,-1,-1
12567,-1,-1,-1,-1,-1,-1,-1,-1
12569,-1,-1,-1,-1,-1,-1,-1,-1
12571,-1,-1,-1,-1,-1,-1,-1,-1
12573,-1,-1,-1,-1,-1,-1,-1,-1
12575,-1,-1,-1,-1,-1,-1,-1,-1
12577,-1,-1,-1,-1,-1,-1,-1,-1
12579,-1,-1,-1,-1,-1,-1,-1,-1
12581,-1,-1,-1,-1,-1,-1,-1,-1
12583,-1,-1,-1,-1,-1,-1,-1,-1
12585,-1,-1,-1,-1,-1,-1,-1,-1
12587,-1,-1,-1,-1,-1,-1,-1,-1
12589,-1,-1,-1,-1,-1,-1,-1,-1
12591,-1,-1,-1,-1,-1,-1,-1,-1
12593,-1,-1,-1,-1,-1,-1,-1,-1
12595,-1,-1,-1,-1,-1,-1,-1,-1
12597,-1,-1,-1,-1,-1,-1,-1,-1
12599,-1,-1,-1,-1,-1,-1,-1,-1
12601,-1,-1,-1,-1,-1,-1,-1,-1
12603,-1,-1,-1,-1,-1,-1,-1,-1
12605,-1,-1,-1,-1,-1,-1,-1,-1
12607,-1,-1,-1,-1,-1,-1,-1,-1
12609,-1,-1,-1,-1,-1,-1,-1,-1
12611,-1,-1,-1,-1,-1,-1,-1,-1
12613,-1,-1,-1,-1,-1,-1,-1,-1
12615,-1,-1,-1,-1,-1,-1,-1,-1
12617,-1,-1,-1,-1,-1,-1,-1,-1
12619,-1,-1,-1,-1,-1,-1,-1,-1
12793,-1,-1,-1,-1,-1,-1,-1,-1
12795,-1,-1,-1,-1,-1,-1,-1,-1
12797,-1,-1,-1,-1,-1,-1,-1,-1
12799,-1,-1,-1,-1,-1,-1,-1,-1
12801,-1,-1,-1,-1,-1,-1,-1,-1
12803,-1,-1,-1,-1,-1,-1,-1,-1
12805,-1,-1,-1,-1,-1,-1,-1,-1
12807,-1,-1,-1,-1,-1,-1,-1,-1
12809,-1,-1,-1,-1,-1,-1,-1,-1
12811,-1,-1,-1,-1,-1,-1,-1,-1
12813,-1,-1,-1,-1,-1,-1,-1,-1
12815,-1,-1,-1,-1,-1,-1,-1,-1
12817,-1,-1,-1,-1,-1,-1,-1,-1
12819,-1,-1,-1,-1,-1,-1,-1,-1
12821,-1,-1,-1,-1,-1,-1,-1,-1
12823,-1,-1,-1,-1,-1,-1,-1,-1
12825,-1,-1,-1,-1,-1,-1,-1,-1
12827,-1,-1,-1,-1,-1,-1,-1,-1
12829,-1,-1,-1,-1,-1,-1,-1,-1
12831,-1,-1,-1,-1,-1,-1,-1,-1
12833,-1,-1,-1,-1,-1,-1,-1,-1
12835,-1,-1,-1,-1,-1,-1,-1,-1
12837,-1,-1,-1,-1,-1,-1,-1,-1
12839,-1,-1,-1,-1,-1,-1,-1,-1
12841,-1,-1,-1,-1,-1,-1,-1,-1
12843,-1,-1,-1,-1,-1,-1,-1,-1
12845,-1,-1,-1,-1,-1,-1,-1,-1
12847,-1,-1,-1,-1,-1,-1,-1,-1
12849,-1,-1,-1,-1,-1,-1,-1,-1
12851,-1,-1,-1,-1,-1,-1,-1,-1
12853,-1,-1,-1,-1,-1,-1,-1,-1
12855,-1,-1,-1,-1,-1,-1,-1,-1
12857,-1,-1,-1,-1,-1,-1,-1,-1
12859,-1,-1,-1,-1,-1,-1,-1,-1
12861,-1,-1,-1,-1,-1,-1,-1,-1
12863,-1,-1,-1,-1,-1,-1,-1,-1
12865,-1,-1,-1,-1,-1,-1,-1,-1
12867,-1,-1,-1,-1,-1,-1,-1,-1
12869,-1,-1,-1,-1,-1,-1,-1,-1
12871,-1,-1,-1,-1,-1,-1,-1,-1
12873,-1,-1,-1,-1,-1,-1,-1,-1
12875,-1,-1,-1,-1,-1,-1,-1,-1
12877,-1,-1,-1,-1,-1,-1,-1,-1
12879,-1,-1,-1,-1,-1,-1,-1,-1
12881,-1,-1,-1,-1,-1,-1,-1,-1
12883,-1,-1,-1,-1,-1,-1,-1,-1
12885,-1,-1,-1,-1,-1,-1,-1,-1
12887,-1,-1,-1,-1,-1,-1,-1,-1
12889,-1,-1,-1,-1,-1,-1,-1,-1
12891,-1,-1,-1,-1,-1,-1,-1,-1
12893,-1,-1,-1,-1,-1,-1,-1,-1
12895,-1,-1,-1,-1,-1,-1,-1,-1
12897,-1,-1,-1,-1,-1,-1,-1,-1
12899,-1,-1,-1,-1,-1,-1,-1,-1
12901,-1,-1,-1,-1,-1,-1,-1,-1
12903,-1,-1,-1,-1,-1,-1,-1,-1
12905,-1,-1,-1,-1,-1,-1,-1,-1
12907,-1,-1,-1,-1,-1,-1,-1,-1
12909,-1,-1,-1,-1,-1,-1,-1,-1
12911,-1,-1,-1,-1,-1,-1,-1,-1
12913,-1,-1,-1,-1,-1,-1,-1,-1
12915,-1,-1,-1,-1,-1,-1,-1,-1
12917,-1,-1,-1,-1,-1,-1,-1,-1
12919,-1,-1,-1,-1,-1,-1,-1,-1
12921,-1,-1,-1,-1,-1,-1,-1,-1
12923,-1,-1,-1,-1,-1,-1,-1,-1
12925,-1,-1,-1,-1,-1,-1,-1,-1
12927,-1,-1,-1,-1,-1,-1,-1,-1
12929,-1,-1,-1,-1,-1,-1,-1,-1
12931,-1,-1,-1,-1,-1,-1,-1,-1
12933,-1,-1,-1,-1,-1,-1,-1,-1
12935,-1,-1,-1,-1,-1,-1,-1,-1
12937,-1,-1,-1,-1,-1,-1,-1,-1
12939,-1,-1,-1,-1,-1,-1,-1,-1
12941,-1,-1,-1,-1,-1,-1,-1,-1
12943,-1,-1,-1,-1,-1,-1,-1,-1
12945,-1,-1,-1,-1,-1,-1,-1,-1
12947,-1,-1,-1,-1,-1,-1,-1,-1
12949,-1,-1,-1,-1,-1,-1,-1,-1
12951,-1,-1,-1,-1,-1,-1,-1,-1
12953,-1,-1,-1,-1,-1,-1,-1,-1
12955,-1,-1,-1,-1,-1,-1,-1,-1
12957,-1,-1,-1,-1,-1,-1,-1,-1
12959,-1,-1,-1,-1,-1,-1,-1,-1
12961,-1,-1,-1,-1,-1,-1,-1,-1
12963,-1,-1,-1,-1,-1,-1,-1,-1
12965,-1,-1,-1,-1,-1,-1,-1,-1
12967,-1,-1,-1,-1,-1,-1,-1,-1
12969,-1,-1,-1,-1,-1,-1,-1,-1
12971,-1,-1,-1,-1,-1,-1,-1,-1
12973,-1,-1,-1,-1,-1,-1,-1,-1
12975,-1,-1,-1,-1,-1,-1,-1,-1
12977,-1,-1,-1,-1,-1,-1,-1,-1
12979,-1,-1,-1,-1,-1,-1,-1,-1
12981,-1,-1,-1,-1,-1,-1,-1,-1
12983,-1,-1,-1,-1,-1,-1,-1,-1
12985,-1,-1,-1,-1,-1,-1,-1,-1
12987,-1,-1,-1,-1,-1,-1,-1,-1
12989,-1,-1,-1,-1,-1,-1,-1,-1
12991,-1,-1,-1,-1,-1,-1,-1,-1
12993,-1,-1,-1,-1,-1,-1,-1,-1
12995,-1,-1,-1,-1,-1,-1,-1,-1
12997,-1,-1,-1,-1,-1,-1,-1,-1
12999,-1,-1,-1,-1,-1,-1,-1,-1
13001,-1,-1,-1,-1,-1,-1,-1,-1
13003,-1,-1,-1,-1,-1,-1,-1,-1
13005,-1,-1,-1,-1,-1,-1,-1,-1
13007,-1,-1,-1,-1,-1,-1,-1,-1
13009,-1,-1,-1,-1,-1,-1,-1,-1
13011,-1,-1,-1,-1,-1,-1,-1,-1
13013,-1,-1,-1,-1,-1,-1,-1,-1
13015,-1,-1,-1,-1,-1,-1,-1,-1
13017,-1,-1,-1,-1,-1,-1,-1,-1
13019,-1,-1,-1,-1,-1,-1,-1,-1
13021,-1,-1,-1,-1,-1,-1,-1,-1
13023,-1,-1,-1,-1,-1,-1,-1,-1
13025,-1,-1,-1,-1,-1,-1,-1,-1
13027,-1,-1,-1,-1,-1,-1,-1,-1
13029,-1,-1,-1,-1,-1,-1,-1,-1
13031,-1,-1,-1,-1,-1,-1,-1,-1
13033,-1,-1,-1,-1,-1,-1,-1,-1
13035,-1,-1,-1,-1,-1,-1,-1,-1
13037,-1,-1,-1,-1,-1,-1,-1,-1
13039,-1,-1,-1,-1,-1,-1,-1,-1
13041,-1,-1,-1,-1,-1,-1,-1,-1
13043,-1,-1,-1,-1,-1,-1,-1,-1
13045,-1,-1,-1,-1,-1,-1,-1,-1
13047,-1,-1,-1,-1,-1,-1,-1,-1
13049,-1,-1,-1,-1,-1,-1,-1,-1
13051,-1,-1,-1,-1,-1,-1,-1,-1
13053,-1,-1,-1,-1,-1,-1,-1,-1
13055,-1,-1,-1,-1,-1,-1,-1,-1
13057,-1,-1,-1,-1,-1,-1,-1,-1
13059,-1,-1,-1,-1,-1,-1,-1,-1
13061,-1,-1,-1,-1,-1,-1,-1,-1
13063,-1,-1,-1,-1,-1,-1,-1,-1
13065,-1,-1,-1,-1,-1,-1,-1,-1
13067,-1,-1,-1,-1,-1,-1,-1,-1
13069,-1,-1,-1,-1,-1,-1,-1,-1
13363,-1,-1,-1,-1,-1,-1,-1,-1
13923,-1,-1,-1,-1,-1,-1,-1,-1
13925,-1,-1,-1,-1,-1,-1,-1,-1
13927,-1,-1,-1,-1,-1,-1,-1,-1
13929,-1,-1,-1,-1,-1,-1,-1,-1
13931,-1,-1,-1,-1,-1,-1,-1,-1
13933,-1,-1,-1,-1,-1,-1,-1,-1
13935,-1,-1,-1,-1,-1,-1,-1,-1
13937,-1,-1,-1,-1,-1,-1,-1,-1
13939,-1,-1,-1,-1,-1,-1,-1,-1
13941,-1,-1,-1,-1,-1,-1,-1,-1
13943,-1,-1,-1,-1,-1,-1,-1,-1
13945,-1,-1,-1,-1,-1,-1,-1,-1
13947,-1,-1,-1,-1,-1,-1,-1,-1
13949,-1,-1,-1,-1,-1,-1,-1,-1
13951,-1,-1,-1,-1,-1,-1,-1,-1
13953,-1,-1,-1,-1,-1,-1,-1,-1
13955,-1,-1,-1,-1,-1,-1,-1,-1
13957,-1,-1,-1,-1,-1,-1,-1,-1
13959,-1,-1,-1,-1,-1,-1,-1,-1
13961,-1,-1,-1,-1,-1,-1,-1,-1
13963,-1,-1,-1,-1,-1,-1,-1,-1
13965,-1,-1,-1,-1,-1,-1,-1,-1
13967,-1,-1,-1,-1,-1,-1,-1,-1
13969,-1,-1,-1,-1,-1,-1,-1,-1
13971,-1,-1,-1,-1,-1,-1,-1,-1
13973,-1,-1,-1,-1,-1,-1,-1,-1
13975,-1,-1,-1,-1,-1,-1,-1,-1
13977,-1,-1,-1,-1,-1,-1,-1,-1
13979,-1,-1,-1,-1,-1,-1,-1,-1
13981,-1,-1,-1,-1,-1,-1,-1,-1
13983,-1,-1,-1,-1,-1,-1,-1,-1
13985,-1,-1,-1,-1,-1,-1,-1,-1
13987,-1,-1,-1,-1,-1,-1,-1,-1
13989,-1,-1,-1,-1,-1,-1,-1,-1
13991,-1,-1,-1,-1,-1,-1,-1,-1
13993,-1,-1,-1,-1,-1,-1,-1,-1
13995,-1,-1,-1,-1,-1,-1,-1,-1
13997,-1,-1,-1,-1,-1,-1,-1,-1
13999,-1,-1,-1,-1,-1,-1,-1,-1
14001,-1,-1,-1,-1,-1,-1,-1,-1
14003,-1,-1,-1,-1,-1,-1,-1,-1
14005,-1,-1,-1,-1,-1,-1,-1,-1
14007,-1,-1,-1,-1,-1,-1,-1,-1
14009,-1,-1,-1,-1,-1,-1,-1,-1
14011,-1,-1,-1,-1,-1,-1,-1,-1
14013,-1,-1,-1,-1,-1,-1,-1,-1
14015,-1,-1,-1,-1,-1,-1,-1,-1
14017,-1,-1,-1,-1,-1,-1,-1,-1
14019,-1,-1,-1,-1,-1,-1,-1,-1
14021,-1,-1,-1,-1,-1,-1,-1,-1
14023,-1,-1,-1,-1,-1,-1,-1,-1
14025,-1,-1,-1,-1,-1,-1,-1,-1
14027,-1,-1,-1,-1,-1,-1,-1,-1
14029,-1,-1,-1,-1,-1,-1,-1,-1
14031,-1,-1,-1,-1,-1,-1,-1,-1
14033,-1,-1,-1,-1,-1,-1,-1,-1
14035,-1,-1,-1,-1,-1,-1,-1,-1
14037,-1,-1,-1,-1,-1,-1,-1,-1
14039,-1,-1,-1,-1,-1,-1,-1,-1
14041,-1,-1,-1,-1,-1,-1,-1,-1
14043,-1,-1,-1,-1,-1,-1,-1,-1
14045,-1,-1,-1,-1,-1,-1,-1,-1
14047,-1,-1,-1,-1,-1,-1,-1,-1
14049,-1,-1,-1,-1,-1,-1,-1,-1
14051,-1,-1,-1,-1,-1,-1,-1,-1
14053,-1,-1,-1,-1,-1,-1,-1,-1
14055,-1,-1,-1,-1,-1,-1,-1,-1
14057,-1,-1,-1,-1,-1,-1,-1,-1
14059,-1,-1,-1,-1,-1,-1,-1,-1
14061,-1,-1,-1,-1,-1,-1,-1,-1
14063,-1,-1,-1,-1,-1,-1,-1,-1
14065,-1,-1,-1,-1,-1,-1,-1,-1
14067,-1,-1,-1,-1,-1,-1,-1,-1
14069,-1,-1,-1,-1,-1,-1,-1,-1
14071,-1,-1,-1,-1,-1,-1,-1,-1
14073,-1,-1,-1,-1,-1,-1,-1,-1
14075,-1,-1,-1,-1,-1,-1,-1,-1
14077,-1,-1,-1,-1,-1,-1,-1,-1
14079,-1,-1,-1,-1,-1,-1,-1,-1
14081,-1,-1,-1,-1,-1,-1,-1,-1
14083,-1,-1,-1,-1,-1,-1,-1,-1
14085,-1,-1,-1,-1,-1,-1,-1,-1
14087,-1,-1,-1,-1,-1,-1,-1,-1
14089,-1,-1,-1,-1,-1,-1,-1,-1
14091,-1,-1,-1,-1,-1,-1,-1,-1
14093,-1,-1,-1,-1,-1,-1,-1,-1
14095,-1,-1,-1,-1,-1,-1,-1,-1
14097,-1,-1,-1,-1,-1,-1,-1,-1
14099,-1,-1,-1,-1,-1,-1,-1,-1
14101,-1,-1,-1,-1,-1,-1,-1,-1
14103,-1,-1,-1,-1,-1,-1,-1,-1
14105,-1,-1,-1,-1,-1,-1,-1,-1
14107,-1,-1,-1,-1,-1,-1,-1,-1
14109,-1,-1,-1,-1,-1,-1,-1,-1
14111,-1,-1,-1,-1,-1,-1,-1,-1
14113,-1,-1,-1,-1,-1,-1,-1,-1
14115,-1,-1,-1,-1,-1,-1,-1,-1
14117,-1,-1,-1,-1,-1,-1,-1,-1
14119,-1,-1,-1,-1,-1,-1,-1,-1
14121,-1,-1,-1,-1,-1,-1,-1,-1
14123,-1,-1,-1,-1,-1,-1,-1,-1
14125,-1,-1,-1,-1,-1,-1,-1,-1
14127,-1,-1,-1,-1,-1,-1,-1,-1
14129,-1,-1,-1,-1,-1,-1,-1,-1
14131,-1,-1,-1,-1,-1,-1,-1,-1
14133,-1,-1,-1,-1,-1,-1,-1,-1
14135,-1,-1,-1,-1,-1,-1,-1,-1
14137,-1,-1,-1,-1,-1,-1,-1,-1
14139,-1,-1,-1,-1,-1,-1,-1,-1
14141,-1,-1,-1,-1,-1,-1,-1,-1
14143,-1,-1,-1,-1,-1,-1,-1,-1
14145,-1,-1,-1,-1,-1,-1,-1,-1
14147,-1,-1,-1,-1,-1,-1,-1,-1
14149,-1,-1,-1,-1,-1,-1,-1,-1
14151,-1,-1,-1,-1,-1,-1,-1,-1
14153,-1,-1,-1,-1,-1,-1,-1,-1
14155,-1,-1,-1,-1,-1,-1,-1,-1
14157,-1,-1,-1,-1,-1,-1,-1,-1
14159,-1,-1,-1,-1,-1,-1,-1,-1
14161,-1,-1,-1,-1,-1,-1,-1,-1
14163,-1,-1,-1,-1,-1,-1,-1,-1
14165,-1,-1,-1,-1,-1,-1,-1,-1
14167,-1,-1,-1,-1,-1,-1,-1,-1
14169,-1,-1,-1,-1,-1,-1,-1,-1
14171,-1,-1,-1,-1,-1,-1,-1,-1
14173,-1,-1,-1,-1,-1,-1,-1,-1
14175,-1,-1,-1,-1,-1,-1,-1,-1
14177,-1,-1,-1,-1,-1,-1,-1,-1
14179,-1,-1,-1,-1,-1,-1,-1,-1
14181,-1,-1,-1,-1,-1,-1,-1,-1
14183,-1,-1,-1,-1,-1,-1,-1,-1
14185,-1,-1,-1,-1,-1,-1,-1,-1
14187,-1,-1,-1,-1,-1,-1,-1,-1
14189,-1,-1,-1,-1,-1,-1,-1,-1
14191,-1,-1,-1,-1,-1,-1,-1,-1
14193,-1,-1,-1,-1,-1,-1,-1,-1
14195,-1,-1,-1,-1,-1,-1,-1,-1
14197,-1,-1,-1,-1,-1,-1,-1,-1
14199,-1,-1,-1,-1,-1,-1,-1,-1
14201,-1,-1,-1,-1,-1,-1,-1,-1
14203,-1,-1,-1,-1,-1,-1,-1,-1
14205,-1,-1,-1,-1,-1,-1,-1,-1
14207,-1,-1,-1,-1,-1,-1,-1,-1
14209,-1,-1,-1,-1,-1,-1,-1,-1
14211,-1,-1,-1,-1,-1,-1,-1,-1
14213,-1,-1,-1,-1,-1,-1,-1,-1
14215,-1,-1,-1,-1,-1,-1,-1,-1
14217,-1,-1,-1,-1,-1,-1,-1,-1
14219,-1,-1,-1,-1,-1,-1,-1,-1
14221,-1,-1,-1,-1,-1,-1,-1,-1
14223,-1,-1,-1,-1,-1,-1,-1,-1
14225,-1,-1,-1,-1,-1,-1,-1,-1
14227,-1,-1,-1,-1,-1,-1,-1,-1
14229,-1,-1,-1,-1,-1,-1,-1,-1
14231,-1,-1,-1,-1,-1,-1,-1,-1
14233,-1,-1,-1,-1,-1,-1,-1,-1
14235,-1,-1,-1,-1,-1,-1,-1,-1
14237,-1,-1,-1,-1,-1,-1,-1,-1
14239,-1,-1,-1,-1,-1,-1,-1,-1
14241,-1,-1,-1,-1,-1,-1,-1,-1
14243,-1,-1,-1,-1,-1,-1,-1,-1
14245,-1,-1,-1,-1,-1,-1,-1,-1
14247,-1,-1,-1,-1,-1,-1,-1,-1
14249,-1,-1,-1,-1,-1,-1,-1,-1
14251,-1,-1,-1,-1,-1,-1,-1,-1
14253,-1,-1,-1,-1,-1,-1,-1,-1
14255,-1,-1,-1,-1,-1,-1,-1,-1
14257,-1,-1,-1,-1,-1,-1,-1,-1
14259,-1,-1,-1,-1,-1,-1,-1,-1
14261,-1,-1,-1,-1,-1,-1,-1,-1
14263,-1,-1,-1,-1,-1,-1,-1,-1
14265,-1,-1,-1,-1,-1,-1,-1,-1
14267,-1,-1,-1,-1,-1,-1,-1,-1
14269,-1,-1,-1,-1,-1,-1,-1,-1
14271,-1,-1,-1,-1,-1,-1,-1,-1
14273,-1,-1,-1,-1,-1,-1,-1,-1
14275,-1,-1,-1,-1,-1,-1,-1,-1
14277,-1,-1,-1,-1,-1,-1,-1,-1
14279,-1,-1,-1,-1,-1,-1,-1,-1
14281,-1,-1,-1,-1,-1,-1,-1,-1
14283,-1,-1,-1,-1,-1,-1,-1,-1
14285,-1,-1,-1,-1,-1,-1,-1,-1
14287,-1,-1,-1,-1,-1,-1,-1,-1
14289,-1,-1,-1,-1,-1,-1,-1,-1
14291,-1,-1,-1,-1,-1,-1,-1,-1
14293,-1,-1,-1,-1,-1,-1,-1,-1
14295,-1,-1,-1,-1,-1,-1,-1,-1
14297,-1,-1,-1,-1,-1,-1,-1,-1
14299,-1,-1,-1,-1,-1,-1,-1,-1
14301,-1,-1,-1,-1,-1,-1,-1,-1
14303,-1,-1,-1,-1,-1,-1,-1,-1
14305,-1,-1,-1,-1,-1,-1,-1,-1
14307,-1,-1,-1,-1,-1,-1,-1,-1
14309,-1,-1,-1,-1,-1,-1,-1,-1
14311,-1,-1,-1,-1,-1,-1,-1,-1
14313,-1,-1,-1,-1,-1,-1,-1,-1
14315,-1,-1,-1,-1,-1,-1,-1,-1
14317,-1,-1,-1,-1,-1,-1,-1,-1
14319,-1,-1,-1,-1,-1,-1,-1,-1
14321,-1,-1,-1,-1,-1,-1,-1,-1
14323,-1,-1,-1,-1,-1,-1,-1,-1
14325,-1,-1,-1,-1,-1,-1,-1,-1
14327,-1,-1,-1,-1,-1,-1,-1,-1
14329,-1,-1,-1,-1,-1,-1,-1,-1
14331,-1,-1,-1,-1,-1,-1,-1,-1
14333,-1,-1,-1,-1,-1,-1,-1,-1
14335,-1,-1,-1,-1,-1,-1,-1,-1
14337,-1,-1,-1,-1,-1,-1,-1,-1
14339,-1,-1,-1,-1,-1,-1,-1,-1
14341,-1,-1,-1,-1,-1,-1,-1,-1
14343,-1,-1,-1,-1,-1,-1,-1,-1
14345,-1,-1,-1,-1,-1,-1,-1,-1
14347,-1,-1,-1,-1,-1,-1,-1,-1
14349,-1,-1,-1,-1,-1,-1,-1,-1
14351,-1,-1,-1,-1,-1,-1,-1,-1
14353,-1,-1,-1,-1,-1,-1,-1,-1
14355,-1,-1,-1,-1,-1,-1,-1,-1
14357,-1,-1,-1,-1,-1,-1,-1,-1
14359,-1,-1,-1,-1,-1,-1,-1,-1
14361,-1,-1,-1,-1,-1,-1,-1,-1
14363,-1,-1,-1,-1,-1,-1,-1,-1
14365,-1,-1,-1,-1,-1,-1,-1,-1
14367,-1,-1,-1,-1,-1,-1,-1,-1
14369,-1,-1,-1,-1,-1,-1,-1,-1
14371,-1,-1,-1,-1,-1,-1,-1,-1
14373,-1,-1,-1,-1,-1,-1,-1,-1
14375,-1,-1,-1,-1,-1,-1,-1,-1
14377,-1,-1,-1,-1,-1,-1,-1,-1
14379,-1,-1,-1,-1,-1,-1,-1,-1
14381,-1,-1,-1,-1,-1,-1,-1,-1
14383,-1,-1,-1,-1,-1,-1,-1,-1
14385,-1,-1,-1,-1,-1,-1,-1,-1
14387,-1,-1,-1,-1,-1,-1,-1,-1
14389,-1,-1,-1,-1,-1,-1,-1,-1
14391,-1,-1,-1,-1,-1,-1,-1,-1
14393,-1,-1,-1,-1,-1,-1,-1,-1
14395,-1,-1,-1,-1,-1,-1,-1,-1
14397,-1,-1,-1,-1,-1,-1,-1,-1
14399,-1,-1,-1,-1,-1,-1,-1,-1
14401,-1,-1,-1,-1,-1,-1,-1,-1
14403,-1,-1,-1,-1,-1,-1,-1,-1
14405,-1,-1,-1,-1,-1,-1,-1,-1
14407,-1,-1,-1,-1,-1,-1,-1,-1
14409,-1,-1,-1,-1,-1,-1,-1,-1
14411,-1,-1,-1,-1,-1,-1,-1,-1
14413,-1,-1,-1,-1,-1,-1,-1,-1
14415,-1,-1,-1,-1,-1,-1,-1,-1
14417,-1,-1,-1,-1,-1,-1,-1,-1
14419,-1,-1,-1,-1,-1,-1,-1,-1
14421,-1,-1,-1,-1,-1,-1,-1,-1
14423,-1,-1,-1,-1,-1,-1,-1,-1
14425,-1,-1,-1,-1,-1,-1,-1,-1
14427,-1,-1,-1,-1,-1,-1,-1,-1
14429,-1,-1,-1,-1,-1,-1,-1,-1
14431,-1,-1,-1,-1,-1,-1,-1,-1
14433,-1,-1,-1,-1,-1,-1,-1,-1
14435,-1,-1,-1,-1,-1,-1,-1,-1
14437,-1,-1,-1,-1,-1,-1,-1,-1
14439,-1,-1,-1,-1,-1,-1,-1,-1
14441,-1,-1,-1,-1,-1,-1,-1,-1
14443,-1,-1,-1,-1,-1,-1,-1,-1
14445,-1,-1,-1,-1,-1,-1,-1,-1
14447,-1,-1,-1,-1,-1,-1,-1,-1
14449,-1,-1,-1,-1,-1,-1,-1,-1
14451,-1,-1,-1,-1,-1,-1,-1,-1
14453,-1,-1,-1,-1,-1,-1,-1,-1
14455,-1,-1,-1,-1,-1,-1,-1,-1
14457,-1,-1,-1,-1,-1,-1,-1,-1
14459,-1,-1,-1,-1,-1,-1,-1,-1
14461,-1,-1,-1,-1,-1,-1,-1,-1
14463,-1,-1,-1,-1,-1,-1,-1,-1
14465,-1,-1,-1,-1,-1,-1,-1,-1
14467,-1,-1,-1,-1,-1,-1,-1,-1
14469,-1,-1,-1,-1,-1,-1,-1,-1
14471,-1,-1,-1,-1,-1,-1,-1,-1
14473,-1,-1,-1,-1,-1,-1,-1,-1
14475,-1,-1,-1,-1,-1,-1,-1,-1
14477,-1,-1,-1,-1,-1,-1,-1,-1
14479,-1,-1,-1,-1,-1,-1,-1,-1
14481,-1,-1,-1,-1,-1,-1,-1,-1
14483,-1,-1,-1,-1,-1,-1,-1,-1
14485,-1,-1,-1,-1,-1,-1,-1,-1
14487,-1,-1,-1,-1,-1,-1,-1,-1
14489,-1,-1,-1,-1,-1,-1,-1,-1
14491,-1,-1,-1,-1,-1,-1,-1,-1
14493,-1,-1,-1,-1,-1,-1,-1,-1
14495,-1,-1,-1,-1,-1,-1,-1,-1
14497,-1,-1,-1,-1,-1,-1,-1,-1
14499,-1,-1,-1,-1,-1,-1,-1,-1
14501,-1,-1,-1,-1,-1,-1,-1,-1
14503,-1,-1,-1,-1,-1,-1,-1,-1
14505,-1,-1,-1,-1,-1,-1,-1,-1
14507,-1,-1,-1,-1,-1,-1,-1,-1
14509,-1,-1,-1,-1,-1,-1,-1,-1
14511,-1,-1,-1,-1,-1,-1,-1,-1
14513,-1,-1,-1,-1,-1,-1,-1,-1
14515,-1,-1,-1,-1,-1,-1,-1,-1
14517,-1,-1,-1,-1,-1,-1,-1,-1
14519,-1,-1,-1,-1,-1,-1,-1,-1
14521,-1,-1,-1,-1,-1,-1,-1,-1
14523,-1,-1,-1,-1,-1,-1,-1,-1
14525,-1,-1,-1,-1,-1,-1,-1,-1
14527,-1,-1,-1,-1,-1,-1,-1,-1
14529,-1,-1,-1,-1,-1,-1,-1,-1
14531,-1,-1,-1,-1,-1,-1,-1,-1
14533,-1,-1,-1,-1,-1,-1,-1,-1
14535,-1,-1,-1,-1,-1,-1,-1,-1
14537,-1,-1,-1,-1,-1,-1,-1,-1
14539,-1,-1,-1,-1,-1,-1,-1,-1
14541,-1,-1,-1,-1,-1,-1,-1,-1
14543,-1,-1,-1,-1,-1,-1,-1,-1
14545,-1,-1,-1,-1,-1,-1,-1,-1
14547,-1,-1,-1,-1,-1,-1,-1,-1
14549,-1,-1,-1,-1,-1,-1,-1,-1
14551,-1,-1,-1,-1,-1,-1,-1,-1
14553,-1,-1,-1,-1,-1,-1,-1,-1
14555,-1,-1,-1,-1,-1,-1,-1,-1
14557,-1,-1,-1,-1,-1,-1,-1,-1
14559,-1,-1,-1,-1,-1,-1,-1,-1
14561,-1,-1,-1,-1,-1,-1,-1,-1
14563,-1,-1,-1,-1,-1,-1,-1,-1
14565,-1,-1,-1,-1,-1,-1,-1,-1
14567,-1,-1,-1,-1,-1,-1,-1,-1
14569,-1,-1,-1,-1,-1,-1,-1,-1
14571,-1,-1,-1,-1,-1,-1,-1,-1
14573,-1,-1,-1,-1,-1,-1,-1,-1
14575,-1,-1,-1,-1,-1,-1,-1,-1
14577,-1,-1,-1,-1,-1,-1,-1,-1
14579,-1,-1,-1,-1,-1,-1,-1,-1
14581,-1,-1,-1,-1,-1,-1,-1,-1
14583,-1,-1,-1,-1,-1,-1,-1,-1
14585,-1,-1,-1,-1,-1,-1,-1,-1
14587,-1,-1,-1,-1,-1,-1,-1,-1
14589,-1,-1,-1,-1,-1,-1,-1,-1
14591,-1,-1,-1,-1,-1,-1,-1,-1
14593,-1,-1,-1,-1,-1,-1,-1,-1
14595,-1,-1,-1,-1,-1,-1,-1,-1
14597,-1,-1,-1,-1,-1,-1,-1,-1
14599,-1,-1,-1,-1,-1,-1,-1,-1
14601,-1,-1,-1,-1,-1,-1,-1,-1
14603,-1,-1,-1,-1,-1,-1,-1,-1
14605,-1,-1,-1,-1,-1,-1,-1,-1
14607,-1,-1,-1,-1,-1,-1,-1,-1
14609,-1,-1,-1,-1,-1,-1,-1,-1
14611,-1,-1,-1,-1,-1,-1,-1,-1
14613,-1,-1,-1,-1,-1,-1,-1,-1
14615,-1,-1,-1,-1,-1,-1,-1,-1
14617,-1,-1,-1,-1,-1,-1,-1,-1
14619,-1,-1,-1,-1,-1,-1,-1,-1
14621,-1,-1,-1,-1,-1,-1,-1,-1
14623,-1,-1,-1,-1,-1,-1,-1,-1
14625,-1,-1,-1,-1,-1,-1,-1,-1
14627,-1,-1,-1,-1,-1,-1,-1,-1
14629,-1,-1,-1,-1,-1,-1,-1,-1
14631,-1,-1,-1,-1,-1,-1,-1,-1
14633,-1,-1,-1,-1,-1,-1,-1,-1
14635,-1,-1,-1,-1,-1,-1,-1,-1
14637,-1,-1,-1,-1,-1,-1,-1,-1
14639,-1,-1,-1,-1,-1,-1,-1,-1
14641,-1,-1,-1,-1,-1,-1,-1,-1
14643,-1,-1,-1,-1,-1,-1,-1,-1
14645,-1,-1,-1,-1,-1,-1,-1,-1
14647,-1,-1,-1,-1,-1,-1,-1,-1
14649,-1,-1,-1,-1,-1,-1,-1,-1
14651,-1,-1,-1,-1,-1,-1,-1,-1
14653,-1,-1,-1,-1,-1,-1,-1,-1
14655,-1,-1,-1,-1,-1,-1,-1,-1
14657,-1,-1,-1,-1,-1,-1,-1,-1
14659,-1,-1,-1,-1,-1,-1,-1,-1
14661,-1,-1,-1,-1,-1,-1,-1,-1
14663,-1,-1,-1,-1,-1,-1,-1,-1
14665,-1,-1,-1,-1,-1,-1,-1,-1
14667,-1,-1,-1,-1,-1,-1,-1,-1
14669,-1,-1,-1,-1,-1,-1,-1,-1
14671,-1,-1,-1,-1,-1,-1,-1,-1
14673,-1,-1,-1,-1,-1,-1,-1,-1
14675,-1,-1,-1,-1,-1,-1,-1,-1
14677,-1,-1,-1,-1,-1,-1,-1,-1
14679,-1,-1,-1,-1,-1,-1,-1,-1
14681,-1,-1,-1,-1,-1,-1,-1,-1
14683,-1,-1,-1,-1,-1,-1,-1,-1
14685,-1,-1,-1,-1,-1,-1,-1,-1
14687,-1,-1,-1,-1,-1,-1,-1,-1
14689,-1,-1,-1,-1,-1,-1,-1,-1
14691,-1,-1,-1,-1,-1,-1,-1,-1
14693,-1,-1,-1,-1,-1,-1,-1,-1
14695,-1,-1,-1,-1,-1,-1,-1,-1
14697,-1,-1,-1,-1,-1,-1,-1,-1
14699,-1,-1,-1,-1,-1,-1,-1,-1
14701,-1,-1,-1,-1,-1,-1,-1,-1
14703,-1,-1,-1,-1,-1,-1,-1,-1
14705,-1,-1,-1,-1,-1,-1,-1,-1
14707,-1,-1,-1,-1,-1,-1,-1,-1
14709,-1,-1,-1,-1,-1,-1,-1,-1
14711,-1,-1,-1,-1,-1,-1,-1,-1
14713,-1,-1,-1,-1,-1,-1,-1,-1
14715,-1,-1,-1,-1,-1,-1,-1,-1
14717,-1,-1,-1,-1,-1,-1,-1,-1
14719,-1,-1,-1,-1,-1,-1,-1,-1
14721,-1,-1,-1,-1,-1,-1,-1,-1
14723,-1,-1,-1,-1,-1,-1,-1,-1
14725,-1,-1,-1,-1,-1,-1,-1,-1
14727,-1,-1,-1,-1,-1,-1,-1,-1
14729,-1,-1,-1,-1,-1,-1,-1,-1
14731,-1,-1,-1,-1,-1,-1,-1,-1
31023,-1,-1,-1,-1,-1,-1,-1,-1
31025,-1,-1,-1,-1,-1,-1,-1,-1
31027,-1,-1,-1,-1,-1,-1,-1,-1
31029,-1,-1,-1,-1,-1,-1,-1,-1
31031,-1,-1,-1,-1,-1,-1,-1,-1
31033,-1,-1,-1,-1,-1,-1,-1,-1
31035,-1,-1,-1,-1,-1,-1,-1,-1
31037,-1,-1,-1,-1,-1,-1,-1,-1
31039,-1,-1,-1,-1,-1,-1,-1,-1
31041,-1,-1,-1,-1,-1,-1,-1,-1
31043,-1,-1,-1,-1,-1,-1,-1,-1
31045,-1,-1,-1,-1,-1,-1,-1,-1
31047,-1,-1,-1,-1,-1,-1,-1,-1
31049,-1,-1,-1,-1,-1,-1,-1,-1
31051,-1,-1,-1,-1,-1,-1,-1,-1
31053,-1,-1,-1,-1,-1,-1,-1,-1
31055,-1,-1,-1,-1,-1,-1,-1,-1
31057,-1,-1,-1,-1,-1,-1,-1,-1
31059,-1,-1,-1,-1,-1,-1,-1,-1
31061,-1,-1,-1,-1,-1,-1,-1,-1
31063,-1,-1,-1,-1,-1,-1,-1,-1
31065,-1,-1,-1,-1,-1,-1,-1,-1
31067,-1,-1,-1,-1,-1,-1,-1,-1
31069,-1,-1,-1,-1,-1,-1,-1,-1
31071,-1,-1,-1,-1,-1,-1,-1,-1
31073,-1,-1,-1,-1,-1,-1,-1,-1
31075,-1,-1,-1,-1,-1,-1,-1,-1
31077,-1,-1,-1,-1,-1,-1,-1,-1
31079,-1,-1,-1,-1,-1,-1,-1,-1
31081,-1,-1,-1,-1,-1,-1,-1,-1
31083,-1,-1,-1,-1,-1,-1,-1,-1
31085,-1,-1,-1,-1,-1,-1,-1,-1
31087,-1,-1,-1,-1,-1,-1,-1,-1
31089,-1,-1,-1,-1,-1,-1,-1,-1
31091,-1,-1,-1,-1,-1,-1,-1,-1
31093,-1,-1,-1,-1,-1,-1,-1,-1
31095,-1,-1,-1,-1,-1,-1,-1,-1
31097,-1,-1,-1,-1,-1,-1,-1,-1
31099,-1,-1,-1,-1,-1,-1,-1,-1
31101,-1,-1,-1,-1,-1,-1,-1,-1
31103,-1,-1,-1,-1,-1,-1,-1,-1
31105,-1,-1,-1,-1,-1,-1,-1,-1
31107,-1,-1,-1,-1,-1,-1,-1,-1
31109,-1,-1,-1,-1,-1,-1,-1,-1
31111,-1,-1,-1,-1,-1,-1,-1,-1
31113,-1,-1,-1,-1,-1,-1,-1,-1
31115,-1,-1,-1,-1,-1,-1,-1,-1
31117,-1,-1,-1,-1,-1,-1,-1,-1
31119,-1,-1,-1,-1,-1,-1,-1,-1
31121,-1,-1,-1,-1,-1,-1,-1,-1
31123,-1,-1,-1,-1,-1,-1,-1,-1
31125,-1,-1,-1,-1,-1,-1,-1,-1
31127,-1,-1,-1,-1,-1,-1,-1,-1
31129,-1,-1,-1,-1,-1,-1,-1,-1
31131,-1,-1,-1,-1,-1,-1,-1,-1
31133,-1,-1,-1,-1,-1,-1,-1,-1
31135,-1,-1,-1,-1,-1,-1,-1,-1
31137,-1,-1,-1,-1,-1,-1,-1,-1
31139,-1,-1,-1,-1,-1,-1,-1,-1
31141,-1,-1,-1,-1,-1,-1,-1,-1
31143,-1,-1,-1,-1,-1,-1,-1,-1
31145,-1,-1,-1,-1,-1,-1,-1,-1
31147,-1,-1,-1,-1,-1,-1,-1,-1
31149,-1,-1,-1,-1,-1,-1,-1,-1
31151,-1,-1,-1,-1,-1,-1,-1,-1
31153,-1,-1,-1,-1,-1,-1,-1,-1
31155,-1,-1,-1,-1,-1,-1,-1,-1
31157,-1,-1,-1,-1,-1,-1,-1,-1
31159,-1,-1,-1,-1,-1,-1,-1,-1
31161,-1,-1,-1,-1,-1,-1,-1,-1
31163,-1,-1,-1,-1,-1,-1,-1,-1
31165,-1,-1,-1,-1,-1,-1,-1,-1
31167,-1,-1,-1,-1,-1,-1,-1,-1
31169,-1,-1,-1,-1,-1,-1,-1,-1
31171,-1,-1,-1,-1,-1,-1,-1,-1
31173,-1,-1,-1,-1,-1,-1,-1,-1
31175,-1,-1,-1,-1,-1,-1,-1,-1
31177,-1,-1,-1,-1,-1,-1,-1,-1
31179,-1,-1,-1,-1,-1,-1,-1,-1
31181,-1,-1,-1,-1,-1,-1,-1,-1
31183,-1,-1,-1,-1,-1,-1,-1,-1
31185,-1,-1,-1,-1,-1,-1,-1,-1
31187,-1,-1,-1,-1,-1,-1,-1,-1
31189,-1,-1,-1,-1,-1,-1,-1,-1
31191,-1,-1,-1,-1,-1,-1,-1,-1
31193,-1,-1,-1,-1,-1,-1,-1,-1
31195,-1,-1,-1,-1,-1,-1,-1,-1
31197,-1,-1,-1,-1,-1,-1,-1,-1
31199,-1,-1,-1,-1,-1,-1,-1,-1
31201,-1,-1,-1,-1,-1,-1,-1,-1
31203,-1,-1,-1,-1,-1,-1,-1,-1
31205,-1,-1,-1,-1,-1,-1,-1,-1
31207,-1,-1,-1,-1,-1,-1,-1,-1
31209,-1,-1,-1,-1,-1,-1,-1,-1
31211,-1,-1,-1,-1,-1,-1,-1,-1
31213,-1,-1,-1,-1,-1,-1,-1,-1
31215,-1,-1,-1,-1,-1,-1,-1,-1
31217,-1,-1,-1,-1,-1,-1,-1,-1
31219,-1,-1,-1,-1,-1,-1,-1,-1
31221,-1,-1,-1,-1,-1,-1,-1,-1
31223,-1,-1,-1,-1,-1,-1,-1,-1
31225,-1,-1,-1,-1,-1,-1,-1,-1
31227,-1,-1,-1,-1,-1,-1,-1,-1
31229,-1,-1,-1,-1,-1,-1,-1,-1
31231,-1,-1,-1,-1,-1,-1,-1,-1
31521,-1,-1,-1,-1,-1,-1,-1,-1
31523,-1,-1,-1,-1,-1,-1,-1,-1
31525,-1,-1,-1,-1,-1,-1,-1,-1
31527,-1,-1,-1,-1,-1,-1,-1,-1
31529,-1,-1,-1,-1,-1,-1,-1,-1
31531,-1,-1,-1,-1,-1,-1,-1,-1
31533,-1,-1,-1,-1,-1,-1,-1,-1
31535,-1,-1,-1,-1,-1,-1,-1,-1
31537,-1,-1,-1,-1,-1,-1,-1,-1
31539,-1,-1,-1,-1,-1,-1,-1,-1
31541,-1,-1,-1,-1,-1,-1,-1,-1
31543,-1,-1,-1,-1,-1,-1,-1,-1
31545,-1,-1,-1,-1,-1,-1,-1,-1
31547,-1,-1,-1,-1,-1,-1,-1,-1
31549,-1,-1,-1,-1,-1,-1,-1,-1
31551,-1,-1,-1,-1,-1,-1,-1,-1
31553,-1,-1,-1,-1,-1,-1,-1,-1
31555,-1,-1,-1,-1,-1,-1,-1,-1
31557,-1,-1,-1,-1,-1,-1,-1,-1
31559,-1,-1,-1,-1,-1,-1,-1,-1
31561,-1,-1,-1,-1,-1,-1,-1,-1
31563,-1,-1,-1,-1,-1,-1,-1,-1
31565,-1,-1,-1,-1,-1,-1,-1,-1
31567,-1,-1,-1,-1,-1,-1,-1,-1
31569,-1,-1,-1,-1,-1,-1,-1,-1
31571,-1,-1,-1,-1,-1,-1,-1,-1
31573,-1,-1,-1,-1,-1,-1,-1,-1
31575,-1,-1,-1,-1,-1,-1,-1,-1
31577,-1,-1,-1,-1,-1,-1,-1,-1
31579,-1,-1,-1,-1,-1,-1,-1,-1
31581,-1,-1,-1,-1,-1,-1,-1,-1
31583,-1,-1,-1,-1,-1,-1,-1,-1
31585,-1,-1,-1,-1,-1,-1,-1,-1
31587,-1,-1,-1,-1,-1,-1,-1,-1
31589,-1,-1,-1,-1,-1,-1,-1,-1
31591,-1,-1,-1,-1,-1,-1,-1,-1
31593,-1,-1,-1,-1,-1,-1,-1,-1
31595,-1,-1,-1,-1,-1,-1,-1,-1
31597,-1,-1,-1,-1,-1,-1,-1,-1
31599,-1,-1,-1,-1,-1,-1,-1,-1
31601,-1,-1,-1,-1,-1,-1,-1,-1
31603,-1,-1,-1,-1,-1,-1,-1,-1
31605,-1,-1,-1,-1,-1,-1,-1,-1
31607,-1,-1,-1,-1,-1,-1,-1,-1
31609,-1,-1,-1,-1,-1,-1,-1,-1
31611,-1,-1,-1,-1,-1,-1,-1,-1
31613,-1,-1,-1,-1,-1,-1,-1,-1
31615,-1,-1,-1,-1,-1,-1,-1,-1
31617,-1,-1,-1,-1,-1,-1,-1,-1
31619,-1,-1,-1,-1,-1,-1,-1,-1
31621,-1,-1,-1,-1,-1,-1,-1,-1
31623,-1,-1,-1,-1,-1,-1,-1,-1
31625,-1,-1,-1,-1,-1,-1,-1,-1
31627,-1,-1,-1,-1,-1,-1,-1,-1
31629,-1,-1,-1,-1,-1,-1,-1,-1
31631,-1,-1,-1,-1,-1,-1,-1,-1
31633,-1,-1,-1,-1,-1,-1,-1,-1
31635,-1,-1,-1,-1,-1,-1,-1,-1
31637,-1,-1,-1,-1,-1,-1,-1,-1
31639,-1,-1,-1,-1,-1,-1,-1,-1
31641,-1,-1,-1,-1,-1,-1,-1,-1
31643,-1,-1,-1,-1,-1,-1,-1,-1
31645,-1,-1,-1,-1,-1,-1,-1,-1
31647,-1,-1,-1,-1,-1,-1,-1,-1
31649,-1,-1,-1,-1,-1,-1,-1,-1
31651,-1,-1,-1,-1,-1,-1,-1,-1
31653,-1,-1,-1,-1,-1,-1,-1,-1
31655,-1,-1,-1,-1,-1,-1,-1,-1
31657,-1,-1,-1,-1,-1,-1,-1,-1
31659,-1,-1,-1,-1,-1,-1,-1,-1
31661,-1,-1,-1,-1,-1,-1,-1,-1
31663,-1,-1,-1,-1,-1,-1,-1,-1
31665,-1,-1,-1,-1,-1,-1,-1,-1
31667,-1,-1,-1,-1,-1,-1,-1,-1
31669,-1,-1,-1,-1,-1,-1,-1,-1
31671,-1,-1,-1,-1,-1,-1,-1,-1
31673,-1,-1,-1,-1,-1,-1,-1,-1
31675,-1,-1,-1,-1,-1,-1,-1,-1
31677,-1,-1,-1,-1,-1,-1,-1,-1
31679,-1,-1,-1,-1,-1,-1,-1,-1
31681,-1,-1,-1,-1,-1,-1,-1,-1
31683,-1,-1,-1,-1,-1,-1,-1,-1
31685,-1,-1,-1,-1,-1,-1,-1,-1
31687,-1,-1,-1,-1,-1,-1,-1,-1
31689,-1,-1,-1,-1,-1,-1,-1,-1
31691,-1,-1,-1,-1,-1,-1,-1,-1
31693,-1,-1,-1,-1,-1,-1,-1,-1
31695,-1,-1,-1,-1,-1,-1,-1,-1
31697,-1,-1,-1,-1,-1,-1,-1,-1
31699,-1,-1,-1,-1,-1,-1,-1,-1
31701,-1,-1,-1,-1,-1,-1,-1,-1
31703,-1,-1,-1,-1,-1,-1,-1,-1
31705,-1,-1,-1,-1,-1,-1,-1,-1
31707,-1,-1,-1,-1,-1,-1,-1,-1
31709,-1,-1,-1,-1,-1,-1,-1,-1
31711,-1,-1,-1,-1,-1,-1,-1,-1
31713,-1,-1,-1,-1,-1,-1,-1,-1
31715,-1,-1,-1,-1,-1,-1,-1,-1
31717,-1,-1,-1,-1,-1,-1,-1,-1
31719,-1,-1,-1,-1,-1,-1,-1,-1
31721,-1,-1,-1,-1,-1,-1,-1,-1
31723,-1,-1,-1,-1,-1,-1,-1,-1
31725,-1,-1,-1,-1,-1,-1,-1,-1
31727,-1,-1,-1,-1,-1,-1,-1,-1
31729,-1,-1,-1,-1,-1,-1,-1,-1
31731,-1,-1,-1,-1,-1,-1,-1,-1
31733,-1,-1,-1,-1,-1,-1,-1,-1
31735,-1,-1,-1,-1,-1,-1,-1,-1
31737,-1,-1,-1,-1,-1,-1,-1,-1
31739,-1,-1,-1,-1,-1,-1,-1,-1
31741,-1,-1,-1,-1,-1,-1,-1,-1
31743,-1,-1,-1,-1,-1,-1,-1,-1
31745,-1,-1,-1,-1,-1,-1,-1,-1
31747,-1,-1,-1,-1,-1,-1,-1,-1
31749,-1,-1,-1,-1,-1,-1,-1,-1
31751,-1,-1,-1,-1,-1,-1,-1,-1
31753,-1,-1,-1,-1,-1,-1,-1,-1
31755,-1,-1,-1,-1,-1,-1,-1,-1
31757,-1,-1,-1,-1,-1,-1,-1,-1
31759,-1,-1,-1,-1,-1,-1,-1,-1
31761,-1,-1,-1,-1,-1,-1,-1,-1
31763,-1,-1,-1,-1,-1,-1,-1,-1
31765,-1,-1,-1,-1,-1,-1,-1,-1
31767,-1,-1,-1,-1,-1,-1,-1,-1
31769,-1,-1,-1,-1,-1,-1,-1,-1
31771,-1,-1,-1,-1,-1,-1,-1,-1
31773,-1,-1,-1,-1,-1,-1,-1,-1
31775,-1,-1,-1,-1,-1,-1,-1,-1
31777,-1,-1,-1,-1,-1,-1,-1,-1
31779,-1,-1,-1,-1,-1,-1,-1,-1
31781,-1,-1,-1,-1,-1,-1,-1,-1
31783,-1,-1,-1,-1,-1,-1,-1,-1
31785,-1,-1,-1,-1,-1,-1,-1,-1
31787,-1,-1,-1,-1,-1,-1,-1,-1
31789,-1,-1,-1,-1,-1,-1,-1,-1
31791,-1,-1,-1,-1,-1,-1,-1,-1
31793,-1,-1,-1,-1,-1,-1,-1,-1
31795,-1,-1,-1,-1,-1,-1,-1,-1
31797,-1,-1,-1,-1,-1,-1,-1,-1
31799,-1,-1,-1,-1,-1,-1,-1,-1
31801,-1,-1,-1,-1,-1,-1,-1,-1
31803,-1,-1,-1,-1,-1,-1,-1,-1
31805,-1,-1,-1,-1,-1,-1,-1,-1
31807,-1,-1,-1,-1,-1,-1,-1,-1
31809,-1,-1,-1,-1,-1,-1,-1,-1
31811,-1,-1,-1,-1,-1,-1,-1,-1
31813,-1,-1,-1,-1,-1,-1,-1,-1
31815,-1,-1,-1,-1,-1,-1,-1,-1
31817,-1,-1,-1,-1,-1,-1,-1,-1
31819,-1,-1,-1,-1,-1,-1,-1,-1
31821,-1,-1,-1,-1,-1,-1,-1,-1
31823,-1,-1,-1,-1,-1,-1,-1,-1
31825,-1,-1,-1,-1,-1,-1,-1,-1
31827,-1,-1,-1,-1,-1,-1,-1,-1
31829,-1,-1,-1,-1,-1,-1,-1,-1
31831,-1,-1,-1,-1,-1,-1,-1,-1
31833,-1,-1,-1,-1,-1,-1,-1,-1
31835,-1,-1,-1,-1,-1,-1,-1,-1
31837,-1,-1,-1,-1,-1,-1,-1,-1
31839,-1,-1,-1,-1,-1,-1,-1,-1
31841,-1,-1,-1,-1,-1,-1,-1,-1
31843,-1,-1,-1,-1,-1,-1,-1,-1
31845,-1,-1,-1,-1,-1,-1,-1,-1
31847,-1,-1,-1,-1,-1,-1,-1,-1
31849,-1,-1,-1,-1,-1,-1,-1,-1
31851,-1,-1,-1,-1,-1,-1,-1,-1
31853,-1,-1,-1,-1,-1,-1,-1,-1
31855,-1,-1,-1,-1,-1,-1,-1,-1
31857,-1,-1,-1,-1,-1,-1,-1,-1
31859,-1,-1,-1,-1,-1,-1,-1,-1
31861,-1,-1,-1,-1,-1,-1,-1,-1
31863,-1,-1,-1,-1,-1,-1,-1,-1
31865,-1,-1,-1,-1,-1,-1,-1,-1
31867,-1,-1,-1,-1,-1,-1,-1,-1
31869,-1,-1,-1,-1,-1,-1,-1,-1
31871,-1,-1,-1,-1,-1,-1,-1,-1
31873,-1,-1,-1,-1,-1,-1,-1,-1
31875,-1,-1,-1,-1,-1,-1,-1,-1
31877,-1,-1,-1,-1,-1,-1,-1,-1
31879,-1,-1,-1,-1,-1,-1,-1,-1
31881,-1,-1,-1,-1,-1,-1,-1,-1
31883,-1,-1,-1,-1,-1,-1,-1,-1
31885,-1,-1,-1,-1,-1,-1,-1,-1
31887,-1,-1,-1,-1,-1,-1,-1,-1
31889,-1,-1,-1,-1,-1,-1,-1,-1
31891,-1,-1,-1,-1,-1,-1,-1,-1
31893,-1,-1,-1,-1,-1,-1,-1,-1
31895,-1,-1,-1,-1,-1,-1,-1,-1
31897,-1,-1,-1,-1,-1,-1,-1,-1
31899,-1,-1,-1,-1,-1,-1,-1,-1
31901,-1,-1,-1,-1,-1,-1,-1,-1
31903,-1,-1,-1,-1,-1,-1,-1,-1
31905,-1,-1,-1,-1,-1,-1,-1,-1
31907,-1,-1,-1,-1,-1,-1,-1,-1
31909,-1,-1,-1,-1,-1,-1,-1,-1
31911,-1,-1,-1,-1,-1,-1,-1,-1
31913,-1,-1,-1,-1,-1,-1,-1,-1
31915,-1,-1,-1,-1,-1,-1,-1,-1
31917,-1,-1,-1,-1,-1,-1,-1,-1
31919,-1,-1,-1,-1,-1,-1,-1,-1
31921,-1,-1,-1,-1,-1,-1,-1,-1
31923,-1,-1,-1,-1,-1,-1,-1,-1
31925,-1,-1,-1,-1,-1,-1,-1,-1
31927,-1,-1,-1,-1,-1,-1,-1,-1
31929,-1,-1,-1,-1,-1,-1,-1,-1
31931,-1,-1,-1,-1,-1,-1,-1,-1
31933,-1,-1,-1,-1,-1,-1,-1,-1
31935,-1,-1,-1,-1,-1,-1,-1,-1
31937,-1,-1,-1,-1,-1,-1,-1,-1
31939,-1,-1,-1,-1,-1,-1,-1,-1
31941,-1,-1,-1,-1,-1,-1,-1,-1
31943,-1,-1,-1,-1,-1,-1,-1,-1
31945,-1,-1,-1,-1,-1,-1,-1,-1
31947,-1,-1,-1,-1,-1,-1,-1,-1
31949,-1,-1,-1,-1,-1,-1,-1,-1
31951,-1,-1,-1,-1,-1,-1,-1,-1
31953,-1,-1,-1,-1,-1,-1,-1,-1
31955,-1,-1,-1,-1,-1,-1,-1,-1
31957,-1,-1,-1,-1,-1,-1,-1,-1
31959,-1,-1,-1,-1,-1,-1,-1,-1
31961,-1,-1,-1,-1,-1,-1,-1,-1
31963,-1,-1,-1,-1,-1,-1,-1,-1
31965,-1,-1,-1,-1,-1,-1,-1,-1
31967,-1,-1,-1,-1,-1,-1,-1,-1
31969,-1,-1,-1,-1,-1,-1,-1,-1
31971,-1,-1,-1,-1,-1,-1,-1,-1
31973,-1,-1,-1,-1,-1,-1,-1,-1
31975,-1,-1,-1,-1,-1,-1,-1,-1
31977,-1,-1,-1,-1,-1,-1,-1,-1
31979,-1,-1,-1,-1,-1,-1,-1,-1
31981,-1,-1,-1,-1,-1,-1,-1,-1
31983,-1,-1,-1,-1,-1,-1,-1,-1
31985,-1,-1,-1,-1,-1,-1,-1,-1
31987,-1,-1,-1,-1,-1,-1,-1,-1
31989,-1,-1,-1,-1,-1,-1,-1,-1
31991,-1,-1,-1,-1,-1,-1,-1,-1
31993,-1,-1,-1,-1,-1,-1,-1,-1
31995,-1,-1,-1,-1,-1,-1,-1,-1
31997,-1,-1,-1,-1,-1,-1,-1,-1
32331,-1,-1,-1,-1,-1,-1,-1,-1
32333,-1,-1,-1,-1,-1,-1,-1,-1
32335,-1,-1,-1,-1,-1,-1,-1,-1
32337,-1,-1,-1,-1,-1,-1,-1,-1
32339,-1,-1,-1,-1,-1,-1,-1,-1
32341,-1,-1,-1,-1,-1,-1,-1,-1
32343,-1,-1,-1,-1,-1,-1,-1,-1
32345,-1,-1,-1,-1,-1,-1,-1,-1
32347,-1,-1,-1,-1,-1,-1,-1,-1
32349,-1,-1,-1,-1,-1,-1,-1,-1
32351,-1,-1,-1,-1,-1,-1,-1,-1
32353,-1,-1,-1,-1,-1,-1,-1,-1
32355,-1,-1,-1,-1,-1,-1,-1,-1
32357,-1,-1,-1,-1,-1,-1,-1,-1
32359,-1,-1,-1,-1,-1,-1,-1,-1
32361,-1,-1,-1,-1,-1,-1,-1,-1
32363,-1,-1,-1,-1,-1,-1,-1,-1
32365,-1,-1,-1,-1,-1,-1,-1,-1
32367,-1,-1,-1,-1,-1,-1,-1,-1
32369,-1,-1,-1,-1,-1,-1,-1,-1
32371,-1,-1,-1,-1,-1,-1,-1,-1
32373,-1,-1,-1,-1,-1,-1,-1,-1
32375,-1,-1,-1,-1,-1,-1,-1,-1
32377,-1,-1,-1,-1,-1,-1,-1,-1
32379,-1,-1,-1,-1,-1,-1,-1,-1
32381,-1,-1,-1,-1,-1,-1,-1,-1
32383,-1,-1,-1,-1,-1,-1,-1,-1
32385,-1,-1,-1,-1,-1,-1,-1,-1
32387,-1,-1,-1,-1,-1,-1,-1,-1
32389,-1,-1,-1,-1,-1,-1,-1,-1
32391,-1,-1,-1,-1,-1,-1,-1,-1
32393,-1,-1,-1,-1,-1,-1,-1,-1
32395,-1,-1,-1,-1,-1,-1,-1,-1
32397,-1,-1,-1,-1,-1,-1,-1,-1
32399,-1,-1,-1,-1,-1,-1,-1,-1
32401,-1,-1,-1,-1,-1,-1,-1,-1
32403,-1,-1,-1,-1,-1,-1,-1,-1
32405,-1,-1,-1,-1,-1,-1,-1,-1
32407,-1,-1,-1,-1,-1,-1,-1,-1
32409,-1,-1,-1,-1,-1,-1,-1,-1
32411,-1,-1,-1,-1,-1,-1,-1,-1
32413,-1,-1,-1,-1,-1,-1,-1,-1
32415,-1,-1,-1,-1,-1,-1,-1,-1
32417,-1,-1,-1,-1,-1,-1,-1,-1
32419,-1,-1,-1,-1,-1,-1,-1,-1
32421,-1,-1,-1,-1,-1,-1,-1,-1
32423,-1,-1,-1,-1,-1,-1,-1,-1
32425,-1,-1,-1,-1,-1,-1,-1,-1
32427,-1,-1,-1,-1,-1,-1,-1,-1
32429,-1,-1,-1,-1,-1,-1,-1,-1
32431,-1,-1,-1,-1,-1,-1,-1,-1
32433,-1,-1,-1,-1,-1,-1,-1,-1
32435,-1,-1,-1,-1,-1,-1,-1,-1
32437,-1,-1,-1,-1,-1,-1,-1,-1
32439,-1,-1,-1,-1,-1,-1,-1,-1
32441,-1,-1,-1,-1,-1,-1,-1,-1
32443,-1,-1,-1,-1,-1,-1,-1,-1
32445,-1,-1,-1,-1,-1,-1,-1,-1
32447,-1,-1,-1,-1,-1,-1,-1,-1
32449,-1,-1,-1,-1,-1,-1,-1,-1
32451,-1,-1,-1,-1,-1,-1,-1,-1
32453,-1,-1,-1,-1,-1,-1,-1,-1
32455,-1,-1,-1,-1,-1,-1,-1,-1
32457,-1,-1,-1,-1,-1,-1,-1,-1
32459,-1,-1,-1,-1,-1,-1,-1,-1
32461,-1,-1,-1,-1,-1,-1,-1,-1
32463,-1,-1,-1,-1,-1,-1,-1,-1
32465,-1,-1,-1,-1,-1,-1,-1,-1
32467,-1,-1,-1,-1,-1,-1,-1,-1
32469,-1,-1,-1,-1,-1,-1,-1,-1
32471,-1,-1,-1,-1,-1,-1,-1,-1
32473,-1,-1,-1,-1,-1,-1,-1,-1
32475,-1,-1,-1,-1,-1,-1,-1,-1
32477,-1,-1,-1,-1,-1,-1,-1,-1
32479,-1,-1,-1,-1,-1,-1,-1,-1
32481,-1,-1,-1,-1,-1,-1,-1,-1
32483,-1,-1,-1,-1,-1,-1,-1,-1
32485,-1,-1,-1,-1,-1,-1,-1,-1
32487,-1,-1,-1,-1,-1,-1,-1,-1
32489,-1,-1,-1,-1,-1,-1,-1,-1
32491,-1,-1,-1,-1,-1,-1,-1,-1
32493,-1,-1,-1,-1,-1,-1,-1,-1
32495,-1,-1,-1,-1,-1,-1,-1,-1
32497,-1,-1,-1,-1,-1,-1,-1,-1
32499,-1,-1,-1,-1,-1,-1,-1,-1
32501,-1,-1,-1,-1,-1,-1,-1,-1
32503,-1,-1,-1,-1,-1,-1,-1,-1
32505,-1,-1,-1,-1,-1,-1,-1,-1
32507,-1,-1,-1,-1,-1,-1,-1,-1
32509,-1,-1,-1,-1,-1,-1,-1,-1
32511,-1,-1,-1,-1,-1,-1,-1,-1
32513,-1,-1,-1,-1,-1,-1,-1,-1
32515,-1,-1,-1,-1,-1,-1,-1,-1
32517,-1,-1,-1,-1,-1,-1,-1,-1
32519,-1,-1,-1,-1,-1,-1,-1,-1
32521,-1,-1,-1,-1,-1,-1,-1,-1
32523,-1,-1,-1,-1,-1,-1,-1,-1
32525,-1,-1,-1,-1,-1,-1,-1,-1
32527,-1,-1,-1,-1,-1,-1,-1,-1
32529,-1,-1,-1,-1,-1,-1,-1,-1
32531,-1,-1,-1,-1,-1,-1,-1,-1
32533,-1,-1,-1,-1,-1,-1,-1,-1
32535,-1,-1,-1,-1,-1,-1,-1,-1
32537,-1,-1,-1,-1,-1,-1,-1,-1
32539,-1,-1,-1,-1,-1,-1,-1,-1
32541,-1,-1,-1,-1,-1,-1,-1,-1
32543,-1,-1,-1,-1,-1,-1,-1,-1
32545,-1,-1,-1,-1,-1,-1,-1,-1
32547,-1,-1,-1,-1,-1,-1,-1,-1
32549,-1,-1,-1,-1,-1,-1,-1,-1
32551,-1,-1,-1,-1,-1,-1,-1,-1
32553,-1,-1,-1,-1,-1,-1,-1,-1
32555,-1,-1,-1,-1,-1,-1,-1,-1
32557,-1,-1,-1,-1,-1,-1,-1,-1
32559,-1,-1,-1,-1,-1,-1,-1,-1
32561,-1,-1,-1,-1,-1,-1,-1,-1
32563,-1,-1,-1,-1,-1,-1,-1,-1
32565,-1,-1,-1,-1,-1,-1,-1,-1
32567,-1,-1,-1,-1,-1,-1,-1,-1
32569,-1,-1,-1,-1,-1,-1,-1,-1
32571,-1,-1,-1,-1,-1,-1,-1,-1
32573,-1,-1,-1,-1,-1,-1,-1,-1
32575,-1,-1,-1,-1,-1,-1,-1,-1
32577,-1,-1,-1,-1,-1,-1,-1,-1
32579,-1,-1,-1,-1,-1,-1,-1,-1
32581,-1,-1,-1,-1,-1,-1,-1,-1
32583,-1,-1,-1,-1,-1,-1,-1,-1
32585,-1,-1,-1,-1,-1,-1,-1,-1
32587,-1,-1,-1,-1,-1,-1,-1,-1
32589,-1,-1,-1,-1,-1,-1,-1,-1
32591,-1,-1,-1,-1,-1,-1,-1,-1
32593,-1,-1,-1,-1,-1,-1,-1,-1
32595,-1,-1,-1,-1,-1,-1,-1,-1
32597,-1,-1,-1,-1,-1,-1,-1,-1
32599,-1,-1,-1,-1,-1,-1,-1,-1
32601,-1,-1,-1,-1,-1,-1,-1,-1
32603,-1,-1,-1,-1,-1,-1,-1,-1
32605,-1,-1,-1,-1,-1,-1,-1,-1
32607,-1,-1,-1,-1,-1,-1,-1,-1
32609,-1,-1,-1,-1,-1,-1,-1,-1
32611,-1,-1,-1,-1,-1,-1,-1,-1
32613,-1,-1,-1,-1,-1,-1,-1,-1
32615,-1,-1,-1,-1,-1,-1,-1,-1
32617,-1,-1,-1,-1,-1,-1,-1,-1
32619,-1,-1,-1,-1,-1,-1,-1,-1
32621,-1,-1,-1,-1,-1,-1,-1,-1
32623,-1,-1,-1,-1,-1,-1,-1,-1
32625,-1,-1,-1,-1,-1,-1,-1,-1
32627,-1,-1,-1,-1,-1,-1,-1,-1
32629,-1,-1,-1,-1,-1,-1,-1,-1
32631,-1,-1,-1,-1,-1,-1,-1,-1
32633,-1,-1,-1,-1,-1,-1,-1,-1
32635,-1,-1,-1,-1,-1,-1,-1,-1
32637,-1,-1,-1,-1,-1,-1,-1,-1
32639,-1,-1,-1,-1,-1,-1,-1,-1
32641,-1,-1,-1,-1,-1,-1,-1,-1
32643,-1,-1,-1,-1,-1,-1,-1,-1
32645,-1,-1,-1,-1,-1,-1,-1,-1
32647,-1,-1,-1,-1,-1,-1,-1,-1
32649,-1,-1,-1,-1,-1,-1,-1,-1
32651,-1,-1,-1,-1,-1,-1,-1,-1
32653,-1,-1,-1,-1,-1,-1,-1,-1
32655,-1,-1,-1,-1,-1,-1,-1,-1
32657,-1,-1,-1,-1,-1,-1,-1,-1
32659,-1,-1,-1,-1,-1,-1,-1,-1
32661,-1,-1,-1,-1,-1,-1,-1,-1
32663,-1,-1,-1,-1,-1,-1,-1,-1
32665,-1,-1,-1,-1,-1,-1,-1,-1
32667,-1,-1,-1,-1,-1,-1,-1,-1
32669,-1,-1,-1,-1,-1,-1,-1,-1
32671,-1,-1,-1,-1,-1,-1,-1,-1
32673,-1,-1,-1,-1,-1,-1,-1,-1
32675,-1,-1,-1,-1,-1,-1,-1,-1
32677,-1,-1,-1,-1,-1,-1,-1,-1
32679,-1,-1,-1,-1,-1,-1,-1,-1
32681,-1,-1,-1,-1,-1,-1,-1,-1
32683,-1,-1,-1,-1,-1,-1,-1,-1
32685,-1,-1,-1,-1,-1,-1,-1,-1
32687,-1,-1,-1,-1,-1,-1,-1,-1
32689,-1,-1,-1,-1,-1,-1,-1,-1
32691,-1,-1,-1,-1,-1,-1,-1,-1
32693,-1,-1,-1,-1,-1,-1,-1,-1
32695,-1,-1,-1,-1,-1,-1,-1,-1
32697,-1,-1,-1,-1,-1,-1,-1,-1
32699,-1,-1,-1,-1,-1,-1,-1,-1
32701,-1,-1,-1,-1,-1,-1,-1,-1
32703,-1,-1,-1,-1,-1,-1,-1,-1
32705,-1,-1,-1,-1,-1,-1,-1,-1
32707,-1,-1,-1,-1,-1,-1,-1,-1
32709,-1,-1,-1,-1,-1,-1,-1,-1
32711,-1,-1,-1,-1,-1,-1,-1,-1
32713,-1,-1,-1,-1,-1,-1,-1,-1
32715,-1,-1,-1,-1,-1,-1,-1,-1
32717,-1,-1,-1,-1,-1,-1,-1,-1
32719,-1,-1,-1,-1,-1,-1,-1,-1
32721,-1,-1,-1,-1,-1,-1,-1,-1
32723,-1,-1,-1,-1,-1,-1,-1,-1
32725,-1,-1,-1,-1,-1,-1,-1,-1
32727,-1,-1,-1,-1,-1,-1,-1,-1
32729,-1,-1,-1,-1,-1,-1,-1,-1
32731,-1,-1,-1,-1,-1,-1,-1,-1
32733,-1,-1,-1,-1,-1,-1,-1,-1
32735,-1,-1,-1,-1,-1,-1,-1,-1
32737,-1,-1,-1,-1,-1,-1,-1,-1
32739,-1,-1,-1,-1,-1,-1,-1,-1
32741,-1,-1,-1,-1,-1,-1,-1,-1
32743,-1,-1,-1,-1,-1,-1,-1,-1
32745,-1,-1,-1,-1,-1,-1,-1,-1
32747,-1,-1,-1,-1,-1,-1,-1,-1
32749,-1,-1,-1,-1,-1,-1,-1,-1
32751,-1,-1,-1,-1,-1,-1,-1,-1
32753,-1,-1,-1,-1,-1,-1,-1,-1
32755,-1,-1,-1,-1,-1,-1,-1,-1
32757,-1,-1,-1,-1,-1,-1,-1,-1
32759,-1,-1,-1,-1,-1,-1,-1,-1
32761,-1,-1,-1,-1,-1,-1,-1,-1
32763,-1,-1,-1,-1,-1,-1,-1,-1
32765,-1,-1,-1,-1,-1,-1,-1,-1
32767,-1,-1,-1,-1,-1,-1,-1,-1
32769,-1,-1,-1,-1,-1,-1,-1,-1
32771,-1,-1,-1,-1,-1,-1,-1,-1
32773,-1,-1,-1,-1,-1,-1,-1,-1
32775,-1,-1,-1,-1,-1,-1,-1,-1
32777,-1,-1,-1,-1,-1,-1,-1,-1
32779,-1,-1,-1,-1,-1,-1,-1,-1
32781,-1,-1,-1,-1,-1,-1,-1,-1
32783,-1,-1,-1,-1,-1,-1,-1,-1
32785,-1,-1,-1,-1,-1,-1,-1,-1
32787,-1,-1,-1,-1,-1,-1,-1,-1
32789,-1,-1,-1,-1,-1,-1,-1,-1
32791,-1,-1,-1,-1,-1,-1,-1,-1
32793,-1,-1,-1,-1,-1,-1,-1,-1
32795,-1,-1,-1,-1,-1,-1,-1,-1
32797,-1,-1,-1,-1,-1,-1,-1,-1
32799,-1,-1,-1,-1,-1,-1,-1,-1
32801,-1,-1,-1,-1,-1,-1,-1,-1
32803,-1,-1,-1,-1,-1,-1,-1,-1
32805,-1,-1,-1,-1,-1,-1,-1,-1
32807,-1,-1,-1,-1,-1,-1,-1,-1
32809,-1,-1,-1,-1,-1,-1,-1,-1
32811,-1,-1,-1,-1,-1,-1,-1,-1
32813,-1,-1,-1,-1,-1,-1,-1,-1
32815,-1,-1,-1,-1,-1,-1,-1,-1
32817,-1,-1,-1,-1,-1,-1,-1,-1
32819,-1,-1,-1,-1,-1,-1,-1,-1
32821,-1,-1,-1,-1,-1,-1,-1,-1
32823,-1,-1,-1,-1,-1,-1,-1,-1
32825,-1,-1,-1,-1,-1,-1,-1,-1
32827,-1,-1,-1,-1,-1,-1,-1,-1
32829,-1,-1,-1,-1,-1,-1,-1,-1
32831,-1,-1,-1,-1,-1,-1,-1,-1
32833,-1,-1,-1,-1,-1,-1,-1,-1
32835,-1,-1,-1,-1,-1,-1,-1,-1
32837,-1,-1,-1,-1,-1,-1,-1,-1
32839,-1,-1,-1,-1,-1,-1,-1,-1
32841,-1,-1,-1,-1,-1,-1,-1,-1
32843,-1,-1,-1,-1,-1,-1,-1,-1
32845,-1,-1,-1,-1,-1,-1,-1,-1
32847,-1,-1,-1,-1,-1,-1,-1,-1
32849,-1,-1,-1,-1,-1,-1,-1,-1
32851,-1,-1,-1,-1,-1,-1,-1,-1
32853,-1,-1,-1,-1,-1,-1,-1,-1
32855,-1,-1,-1,-1,-1,-1,-1,-1
32857,-1,-1,-1,-1,-1,-1,-1,-1
32859,-1,-1,-1,-1,-1,-1,-1,-1
32861,-1,-1,-1,-1,-1,-1,-1,-1
32863,-1,-1,-1,-1,-1,-1,-1,-1
32865,-1,-1,-1,-1,-1,-1,-1,-1
32867,-1,-1,-1,-1,-1,-1,-1,-1
32869,-1,-1,-1,-1,-1,-1,-1,-1
32871,-1,-1,-1,-1,-1,-1,-1,-1
32873,-1,-1,-1,-1,-1,-1,-1,-1
32875,-1,-1,-1,-1,-1,-1,-1,-1
32877,-1,-1,-1,-1,-1,-1,-1,-1
32879,-1,-1,-1,-1,-1,-1,-1,-1
32881,-1,-1,-1,-1,-1,-1,-1,-1
32883,-1,-1,-1,-1,-1,-1,-1,-1
32885,-1,-1,-1,-1,-1,-1,-1,-1
32887,-1,-1,-1,-1,-1,-1,-1,-1
32889,-1,-1,-1,-1,-1,-1,-1,-1
32891,-1,-1,-1,-1,-1,-1,-1,-1
32893,-1,-1,-1,-1,-1,-1,-1,-1
32895,-1,-1,-1,-1,-1,-1,-1,-1
32897,-1,-1,-1,-1,-1,-1,-1,-1
32899,-1,-1,-1,-1,-1,-1,-1,-1
32901,-1,-1,-1,-1,-1,-1,-1,-1
32903,-1,-1,-1,-1,-1,-1,-1,-1
32905,-1,-1,-1,-1,-1,-1,-1,-1
32907,-1,-1,-1,-1,-1,-1,-1,-1
32909,-1,-1,-1,-1,-1,-1,-1,-1
32911,-1,-1,-1,-1,-1,-1,-1,-1
32913,-1,-1,-1,-1,-1,-1,-1,-1
32915,-1,-1,-1,-1,-1,-1,-1,-1
32917,-1,-1,-1,-1,-1,-1,-1,-1
32919,-1,-1,-1,-1,-1,-1,-1,-1
32921,-1,-1,-1,-1,-1,-1,-1,-1
32923,-1,-1,-1,-1,-1,-1,-1,-1
32925,-1,-1,-1,-1,-1,-1,-1,-1
32927,-1,-1,-1,-1,-1,-1,-1,-1
32929,-1,-1,-1,-1,-1,-1,-1,-1
32931,-1,-1,-1,-1,-1,-1,-1,-1
32933,-1,-1,-1,-1,-1,-1,-1,-1
32935,-1,-1,-1,-1,-1,-1,-1,-1
32937,-1,-1,-1,-1,-1,-1,-1,-1
32939,-1,-1,-1,-1,-1,-1,-1,-1
32941,-1,-1,-1,-1,-1,-1,-1,-1
32943,-1,-1,-1,-1,-1,-1,-1,-1
32945,-1,-1,-1,-1,-1,-1,-1,-1
32947,-1,-1,-1,-1,-1,-1,-1,-1
32949,-1,-1,-1,-1,-1,-1,-1,-1
32951,-1,-1,-1,-1,-1,-1,-1,-1
32953,-1,-1,-1,-1,-1,-1,-1,-1
32955,-1,-1,-1,-1,-1,-1,-1,-1
32957,-1,-1,-1,-1,-1,-1,-1,-1
32959,-1,-1,-1,-1,-1,-1,-1,-1
32961,-1,-1,-1,-1,-1,-1,-1,-1
32963,-1,-1,-1,-1,-1,-1,-1,-1
32965,-1,-1,-1,-1,-1,-1,-1,-1
32967,-1,-1,-1,-1,-1,-1,-1,-1
32969,-1,-1,-1,-1,-1,-1,-1,-1
32971,-1,-1,-1,-1,-1,-1,-1,-1
32973,-1,-1,-1,-1,-1,-1,-1,-1
32975,-1,-1,-1,-1,-1,-1,-1,-1
32977,-1,-1,-1,-1,-1,-1,-1,-1
32979,-1,-1,-1,-1,-1,-1,-1,-1
32981,-1,-1,-1,-1,-1,-1,-1,-1
32983,-1,-1,-1,-1,-1,-1,-1,-1
32985,-1,-1,-1,-1,-1,-1,-1,-1
32987,-1,-1,-1,-1,-1,-1,-1,-1
32989,-1,-1,-1,-1,-1,-1,-1,-1
32991,-1,-1,-1,-1,-1,-1,-1,-1
32993,-1,-1,-1,-1,-1,-1,-1,-1
32995,-1,-1,-1,-1,-1,-1,-1,-1
32997,-1,-1,-1,-1,-1,-1,-1,-1
32999,-1,-1,-1,-1,-1,-1,-1,-1
33001,-1,-1,-1,-1,-1,-1,-1,-1
33003,-1,-1,-1,-1,-1,-1,-1,-1
33005,-1,-1,-1,-1,-1,-1,-1,-1
33007,-1,-1,-1,-1,-1,-1,-1,-1
33009,-1,-1,-1,-1,-1,-1,-1,-1
33011,-1,-1,-1,-1,-1,-1,-1,-1
33013,-1,-1,-1,-1,-1,-1,-1,-1
33015,-1,-1,-1,-1,-1,-1,-1,-1
33017,-1,-1,-1,-1,-1,-1,-1,-1
33019,-1,-1,-1,-1,-1,-1,-1,-1
33021,-1,-1,-1,-1,-1,-1,-1,-1
33023,-1,-1,-1,-1,-1,-1,-1,-1
33025,-1,-1,-1,-1,-1,-1,-1,-1
33027,-1,-1,-1,-1,-1,-1,-1,-1
33029,-1,-1,-1,-1,-1,-1,-1,-1
33031,-1,-1,-1,-1,-1,-1,-1,-1
33033,-1,-1,-1,-1,-1,-1,-1,-1
33035,-1,-1,-1,-1,-1,-1,-1,-1
33037,-1,-1,-1,-1,-1,-1,-1,-1
33039,-1,-1,-1,-1,-1,-1,-1,-1
33041,-1,-1,-1,-1,-1,-1,-1,-1
33043,-1,-1,-1,-1,-1,-1,-1,-1
33045,-1,-1,-1,-1,-1,-1,-1,-1
33047,-1,-1,-1,-1,-1,-1,-1,-1
33049,-1,-1,-1,-1,-1,-1,-1,-1
33051,-1,-1,-1,-1,-1,-1,-1,-1
33053,-1,-1,-1,-1,-1,-1,-1,-1
33055,-1,-1,-1,-1,-1,-1,-1,-1
33057,-1,-1,-1,-1,-1,-1,-1,-1
33059,-1,-1,-1,-1,-1,-1,-1,-1
33061,-1,-1,-1,-1,-1,-1,-1,-1
33063,-1,-1,-1,-1,-1,-1,-1,-1
33065,-1,-1,-1,-1,-1,-1,-1,-1
33067,-1,-1,-1,-1,-1,-1,-1,-1
33069,-1,-1,-1,-1,-1,-1,-1,-1
33071,-1,-1,-1,-1,-1,-1,-1,-1
33073,-1,-1,-1,-1,-1,-1,-1,-1
33075,-1,-1,-1,-1,-1,-1,-1,-1
33077,-1,-1,-1,-1,-1,-1,-1,-1
33079,-1,-1,-1,-1,-1,-1,-1,-1
33081,-1,-1,-1,-1,-1,-1,-1,-1
33083,-1,-1,-1,-1,-1,-1,-1,-1
33085,-1,-1,-1,-1,-1,-1,-1,-1
33087,-1,-1,-1,-1,-1,-1,-1,-1
33089,-1,-1,-1,-1,-1,-1,-1,-1
33091,-1,-1,-1,-1,-1,-1,-1,-1
33093,-1,-1,-1,-1,-1,-1,-1,-1
33095,-1,-1,-1,-1,-1,-1,-1,-1
33097,-1,-1,-1,-1,-1,-1,-1,-1
33099,-1,-1,-1,-1,-1,-1,-1,-1
33101,-1,-1,-1,-1,-1,-1,-1,-1
33103,-1,-1,-1,-1,-1,-1,-1,-1
33105,-1,-1,-1,-1,-1,-1,-1,-1
33107,-1,-1,-1,-1,-1,-1,-1,-1
33109,-1,-1,-1,-1,-1,-1,-1,-1
33111,-1,-1,-1,-1,-1,-1,-1,-1
33113,-1,-1,-1,-1,-1,-1,-1,-1
33115,-1,-1,-1,-1,-1,-1,-1,-1
33117,-1,-1,-1,-1,-1,-1,-1,-1
33119,-1,-1,-1,-1,-1,-1,-1,-1
33121,-1,-1,-1,-1,-1,-1,-1,-1
33123,-1,-1,-1,-1,-1,-1,-1,-1
33125,-1,-1,-1,-1,-1,-1,-1,-1
33127,-1,-1,-1,-1,-1,-1,-1,-1
33129,-1,-1,-1,-1,-1,-1,-1,-1
33131,-1,-1,-1,-1,-1,-1,-1,-1
33133,-1,-1,-1,-1,-1,-1,-1,-1
33135,-1,-1,-1,-1,-1,-1,-1,-1
33137,-1,-1,-1,-1,-1,-1,-1,-1
33139,-1,-1,-1,-1,-1,-1,-1,-1
33141,-1,-1,-1,-1,-1,-1,-1,-1
33143,-1,-1,-1,-1,-1,-1,-1,-1
33145,-1,-1,-1,-1,-1,-1,-1,-1
33147,-1,-1,-1,-1,-1,-1,-1,-1
33149,-1,-1,-1,-1,-1,-1,-1,-1
33151,-1,-1,-1,-1,-1,-1,-1,-1
33153,-1,-1,-1,-1,-1,-1,-1,-1
33155,-1,-1,-1,-1,-1,-1,-1,-1
33157,-1,-1,-1,-1,-1,-1,-1,-1
33159,-1,-1,-1,-1,-1,-1,-1,-1
33161,-1,-1,-1,-1,-1,-1,-1,-1
33163,-1,-1,-1,-1,-1,-1,-1,-1
33165,-1,-1,-1,-1,-1,-1,-1,-1
33167,-1,-1,-1,-1,-1,-1,-1,-1
33169,-1,-1,-1,-1,-1,-1,-1,-1
33171,-1,-1,-1,-1,-1,-1,-1,-1
33173,-1,-1,-1,-1,-1,-1,-1,-1
33175,-1,-1,-1,-1,-1,-1,-1,-1
33177,-1,-1,-1,-1,-1,-1,-1,-1
33179,-1,-1,-1,-1,-1,-1,-1,-1
33181,-1,-1,-1,-1,-1,-1,-1,-1
33183,-1,-1,-1,-1,-1,-1,-1,-1
33185,-1,-1,-1,-1,-1,-1,-1,-1
33187,-1,-1,-1,-1,-1,-1,-1,-1
33189,-1,-1,-1,-1,-1,-1,-1,-1
33191,-1,-1,-1,-1,-1,-1,-1,-1
33193,-1,-1,-1,-1,-1,-1,-1,-1
33195,-1,-1,-1,-1,-1,-1,-1,-1
33197,-1,-1,-1,-1,-1,-1,-1,-1
33199,-1,-1,-1,-1,-1,-1,-1,-1
33201,-1,-1,-1,-1,-1,-1,-1,-1
33203,-1,-1,-1,-1,-1,-1,-1,-1
33205,-1,-1,-1,-1,-1,-1,-1,-1
33207,-1,-1,-1,-1,-1,-1,-1,-1
33209,-1,-1,-1,-1,-1,-1,-1,-1
33211,-1,-1,-1,-1,-1,-1,-1,-1
33213,-1,-1,-1,-1,-1,-1,-1,-1
33215,-1,-1,-1,-1,-1,-1,-1,-1
33217,-1,-1,-1,-1,-1,-1,-1,-1
33219,-1,-1,-1,-1,-1,-1,-1,-1
33221,-1,-1,-1,-1,-1,-1,-1,-1
33223,-1,-1,-1,-1,-1,-1,-1,-1
33225,-1,-1,-1,-1,-1,-1,-1,-1
33227,-1,-1,-1,-1,-1,-1,-1,-1
33229,-1,-1,-1,-1,-1,-1,-1,-1
33231,-1,-1,-1,-1,-1,-1,-1,-1
33233,-1,-1,-1,-1,-1,-1,-1,-1
33235,-1,-1,-1,-1,-1,-1,-1,-1
33237,-1,-1,-1,-1,-1,-1,-1,-1
33239,-1,-1,-1,-1,-1,-1,-1,-1
33241,-1,-1,-1,-1,-1,-1,-1,-1
33243,-1,-1,-1,-1,-1,-1,-1,-1
33937,-1,-1,-1,-1,-1,-1,-1,-1
33939,-1,-1,-1,-1,-1,-1,-1,-1
33941,-1,-1,-1,-1,-1,-1,-1,-1
33943,-1,-1,-1,-1,-1,-1,-1,-1
33945,-1,-1,-1,-1,-1,-1,-1,-1
33947,-1,-1,-1,-1,-1,-1,-1,-1
33949,-1,-1,-1,-1,-1,-1,-1,-1
33951,-1,-1,-1,-1,-1,-1,-1,-1
33953,-1,-1,-1,-1,-1,-1,-1,-1
33955,-1,-1,-1,-1,-1,-1,-1,-1
33957,-1,-1,-1,-1,-1,-1,-1,-1
33959,-1,-1,-1,-1,-1,-1,-1,-1
33961,-1,-1,-1,-1,-1,-1,-1,-1
33963,-1,-1,-1,-1,-1,-1,-1,-1
33965,-1,-1,-1,-1,-1,-1,-1,-1
33967,-1,-1,-1,-1,-1,-1,-1,-1
33969,-1,-1,-1,-1,-1,-1,-1,-1
34407,-1,-1,-1,-1,-1,-1,-1,-1
34409,-1,-1,-1,-1,-1,-1,-1,-1
34411,-1,-1,-1,-1,-1,-1,-1,-1
34413,-1,-1,-1,-1,-1,-1,-1,-1
34415,-1,-1,-1,-1,-1,-1,-1,-1
34417,-1,-1,-1,-1,-1,-1,-1,-1
34419,-1,-1,-1,-1,-1,-1,-1,-1
34421,-1,-1,-1,-1,-1,-1,-1,-1
34423,-1,-1,-1,-1,-1,-1,-1,-1
34425,-1,-1,-1,-1,-1,-1,-1,-1
34427,-1,-1,-1,-1,-1,-1,-1,-1
34429,-1,-1,-1,-1,-1,-1,-1,-1
34431,-1,-1,-1,-1,-1,-1,-1,-1
34433,-1,-1,-1,-1,-1,-1,-1,-1
34435,-1,-1,-1,-1,-1,-1,-1,-1
34437,-1,-1,-1,-1,-1,-1,-1,-1
34443,-1,-1,-1,-1,-1,-1,-1,-1
34445,-1,-1,-1,-1,-1,-1,-1,-1
34447,-1,-1,-1,-1,-1,-1,-1,-1
34449,-1,-1,-1,-1,-1,-1,-1,-1
34451,-1,-1,-1,-1,-1,-1,-1,-1
34453,-1,-1,-1,-1,-1,-1,-1,-1
34455,-1,-1,-1,-1,-1,-1,-1,-1
34457,-1,-1,-1,-1,-1,-1,-1,-1
34459,-1,-1,-1,-1,-1,-1,-1,-1
34461,-1,-1,-1,-1,-1,-1,-1,-1
34463,-1,-1,-1,-1,-1,-1,-1,-1
34465,-1,-1,-1,-1,-1,-1,-1,-1
34467,-1,-1,-1,-1,-1,-1,-1,-1
34469,-1,-1,-1,-1,-1,-1,-1,-1
34471,-1,-1,-1,-1,-1,-1,-1,-1
34473,-1,-1,-1,-1,-1,-1,-1,-1
34475,-1,-1,-1,-1,-1,-1,-1,-1
34477,-1,-1,-1,-1,-1,-1,-1,-1
34479,-1,-1,-1,-1,-1,-1,-1,-1
34481,-1,-1,-1,-1,-1,-1,-1,-1
34483,-1,-1,-1,-1,-1,-1,-1,-1
34485,-1,-1,-1,-1,-1,-1,-1,-1
34487,-1,-1,-1,-1,-1,-1,-1,-1
34489,-1,-1,-1,-1,-1,-1,-1,-1
34491,-1,-1,-1,-1,-1,-1,-1,-1
34493,-1,-1,-1,-1,-1,-1,-1,-1
34495,-1,-1,-1,-1,-1,-1,-1,-1
34497,-1,-1,-1,-1,-1,-1,-1,-1
34499,-1,-1,-1,-1,-1,-1,-1,-1
34501,-1,-1,-1,-1,-1,-1,-1,-1
34503,-1,-1,-1,-1,-1,-1,-1,-1
34505,-1,-1,-1,-1,-1,-1,-1,-1
34507,-1,-1,-1,-1,-1,-1,-1,-1
34509,-1,-1,-1,-1,-1,-1,-1,-1
34511,-1,-1,-1,-1,-1,-1,-1,-1
34513,-1,-1,-1,-1,-1,-1,-1,-1
34515,-1,-1,-1,-1,-1,-1,-1,-1
34517,-1,-1,-1,-1,-1,-1,-1,-1
34519,-1,-1,-1,-1,-1,-1,-1,-1
34521,-1,-1,-1,-1,-1,-1,-1,-1
34523,-1,-1,-1,-1,-1,-1,-1,-1
34525,-1,-1,-1,-1,-1,-1,-1,-1
34527,-1,-1,-1,-1,-1,-1,-1,-1
34529,-1,-1,-1,-1,-1,-1,-1,-1
34531,-1,-1,-1,-1,-1,-1,-1,-1
34533,-1,-1,-1,-1,-1,-1,-1,-1
34535,-1,-1,-1,-1,-1,-1,-1,-1
34537,-1,-1,-1,-1,-1,-1,-1,-1
34539,-1,-1,-1,-1,-1,-1,-1,-1
34541,-1,-1,-1,-1,-1,-1,-1,-1
34543,-1,-1,-1,-1,-1,-1,-1,-1
34545,-1,-1,-1,-1,-1,-1,-1,-1
34547,-1,-1,-1,-1,-1,-1,-1,-1
34549,-1,-1,-1,-1,-1,-1,-1,-1
34551,-1,-1,-1,-1,-1,-1,-1,-1
34553,-1,-1,-1,-1,-1,-1,-1,-1
34555,-1,-1,-1,-1,-1,-1,-1,-1
34557,-1,-1,-1,-1,-1,-1,-1,-1
34559,-1,-1,-1,-1,-1,-1,-1,-1
34561,-1,-1,-1,-1,-1,-1,-1,-1
34563,-1,-1,-1,-1,-1,-1,-1,-1
34565,-1,-1,-1,-1,-1,-1,-1,-1
34567,-1,-1,-1,-1,-1,-1,-1,-1
34569,-1,-1,-1,-1,-1,-1,-1,-1
34571,-1,-1,-1,-1,-1,-1,-1,-1
34573,-1,-1,-1,-1,-1,-1,-1,-1
34575,-1,-1,-1,-1,-1,-1,-1,-1
34577,-1,-1,-1,-1,-1,-1,-1,-1
34579,-1,-1,-1,-1,-1,-1,-1,-1
34581,-1,-1,-1,-1,-1,-1,-1,-1
34583,-1,-1,-1,-1,-1,-1,-1,-1
34585,-1,-1,-1,-1,-1,-1,-1,-1
34587,-1,-1,-1,-1,-1,-1,-1,-1
34589,-1,-1,-1,-1,-1,-1,-1,-1
34591,-1,-1,-1,-1,-1,-1,-1,-1
34593,-1,-1,-1,-1,-1,-1,-1,-1
34595,-1,-1,-1,-1,-1,-1,-1,-1
34597,-1,-1,-1,-1,-1,-1,-1,-1
34599,-1,-1,-1,-1,-1,-1,-1,-1
34601,-1,-1,-1,-1,-1,-1,-1,-1
34603,-1,-1,-1,-1,-1,-1,-1,-1
34605,-1,-1,-1,-1,-1,-1,-1,-1
34607,-1,-1,-1,-1,-1,-1,-1,-1
34609,-1,-1,-1,-1,-1,-1,-1,-1
34611,-1,-1,-1,-1,-1,-1,-1,-1
34613,-1,-1,-1,-1,-1,-1,-1,-1
34615,-1,-1,-1,-1,-1,-1,-1,-1
34617,-1,-1,-1,-1,-1,-1,-1,-1
34619,-1,-1,-1,-1,-1,-1,-1,-1
34621,-1,-1,-1,-1,-1,-1,-1,-1
34623,-1,-1,-1,-1,-1,-1,-1,-1
34625,-1,-1,-1,-1,-1,-1,-1,-1
34627,-1,-1,-1,-1,-1,-1,-1,-1
34629,-1,-1,-1,-1,-1,-1,-1,-1
34631,-1,-1,-1,-1,-1,-1,-1,-1
34633,-1,-1,-1,-1,-1,-1,-1,-1
34635,-1,-1,-1,-1,-1,-1,-1,-1
34637,-1,-1,-1,-1,-1,-1,-1,-1
34639,-1,-1,-1,-1,-1,-1,-1,-1
34641,-1,-1,-1,-1,-1,-1,-1,-1
34643,-1,-1,-1,-1,-1,-1,-1,-1
34645,-1,-1,-1,-1,-1,-1,-1,-1
34647,-1,-1,-1,-1,-1,-1,-1,-1
34649,-1,-1,-1,-1,-1,-1,-1,-1
34651,-1,-1,-1,-1,-1,-1,-1,-1
34653,-1,-1,-1,-1,-1,-1,-1,-1
34655,-1,-1,-1,-1,-1,-1,-1,-1
34657,-1,-1,-1,-1,-1,-1,-1,-1
34659,-1,-1,-1,-1,-1,-1,-1,-1
34661,-1,-1,-1,-1,-1,-1,-1,-1
34663,-1,-1,-1,-1,-1,-1,-1,-1
34665,-1,-1,-1,-1,-1,-1,-1,-1
34667,-1,-1,-1,-1,-1,-1,-1,-1
34669,-1,-1,-1,-1,-1,-1,-1,-1
34671,-1,-1,-1,-1,-1,-1,-1,-1
